listing_id,"Available Days","Unavailable Days","Available fraction of Total Days"
12147973,0,365,0.0000
3075044,359,6,0.9836
6976,319,46,0.8740
1436513,98,267,0.2685
7651065,334,31,0.9151
12386020,58,307,0.1589
5706985,344,21,0.9425
2843445,365,0,1.0000
753446,347,18,0.9507
849408,107,258,0.2932
12023024,343,22,0.9397
1668313,341,24,0.9342
2684840,0,365,0.0000
13547301,129,236,0.3534
5434353,319,46,0.8740
225979,339,26,0.9288
3420384,349,16,0.9562
13512930,0,365,0.0000
7482195,295,70,0.8082
7252607,262,103,0.7178
2583074,332,33,0.9096
13251243,207,158,0.5671
225834,299,66,0.8192
6400432,0,365,0.0000
5498472,0,365,0.0000
894539,1,364,0.0027
879929,122,243,0.3342
9218312,107,258,0.2932
321328,356,9,0.9753
1810172,310,55,0.8493
6513924,129,236,0.3534
7093109,353,12,0.9671
14690527,17,348,0.0466
7086825,325,40,0.8904
1861070,362,3,0.9918
4283698,300,65,0.8219
10116095,351,14,0.9616
8548176,351,14,0.9616
4922204,343,22,0.9397
4085362,361,4,0.9890
3755609,339,26,0.9288
13768853,0,365,0.0000
1936861,355,10,0.9726
4461111,254,111,0.6959
1724900,306,59,0.8384
13937181,133,232,0.3644
3968797,267,98,0.7315
1494726,355,10,0.9726
8473851,161,204,0.4411
3575220,260,105,0.7123
1591827,248,117,0.6795
3229255,258,107,0.7068
1721016,348,17,0.9534
12535687,333,32,0.9123
12994227,259,106,0.7096
12927298,331,34,0.9068
169938,144,221,0.3945
594693,328,37,0.8986
2384581,365,0,1.0000
735970,0,365,0.0000
4262255,301,64,0.8247
4000384,109,256,0.2986
6693305,0,365,0.0000
6730758,23,342,0.0630
6248970,43,322,0.1178
12806707,340,25,0.9315
14246616,0,365,0.0000
3703674,250,115,0.6849
4792901,0,365,0.0000
5717528,346,19,0.9479
5601743,62,303,0.1699
13333862,0,365,0.0000
519272,0,365,0.0000
14090779,15,350,0.0411
8481291,0,365,0.0000
6990904,78,287,0.2137
197727,306,59,0.8384
932853,337,28,0.9233
11159585,365,0,1.0000
9677354,363,2,0.9945
13426831,0,365,0.0000
7956634,255,110,0.6986
568234,328,37,0.8986
1030500,316,49,0.8658
13652374,0,365,0.0000
12930651,0,365,0.0000
3997572,365,0,1.0000
4223387,358,7,0.9808
12855396,341,24,0.9342
12426823,0,365,0.0000
14361322,309,56,0.8466
2963419,279,86,0.7644
5904732,333,32,0.9123
3591359,48,317,0.1315
2538536,333,32,0.9123
4975581,285,80,0.7808
4767023,257,108,0.7041
6364042,331,34,0.9068
7986179,0,365,0.0000
14109003,0,365,0.0000
1109224,331,34,0.9068
1067184,356,9,0.9753
13215952,0,365,0.0000
777903,361,4,0.9890
1301500,65,300,0.1781
8923817,276,89,0.7562
14057466,71,294,0.1945
14909417,348,17,0.9534
5521378,74,291,0.2027
13041602,2,363,0.0055
2621242,66,299,0.1808
950046,197,168,0.5397
3342094,185,180,0.5068
5652147,365,0,1.0000
14105971,23,342,0.0630
2875267,120,245,0.3288
9485607,290,75,0.7945
7273770,0,365,0.0000
5405928,340,25,0.9315
4586681,339,26,0.9288
1113272,310,55,0.8493
12647606,59,306,0.1616
10271867,0,365,0.0000
7879708,365,0,1.0000
3881993,364,1,0.9973
12566065,146,219,0.4000
6602217,299,66,0.8192
3276286,198,167,0.5425
2014651,358,7,0.9808
6053700,353,12,0.9671
4405982,292,73,0.8000
250983,240,125,0.6575
2308630,0,365,0.0000
8272350,0,365,0.0000
12368012,327,38,0.8959
4098410,363,2,0.9945
6322283,88,277,0.2411
7823025,149,216,0.4082
9549850,184,181,0.5041
7845607,0,365,0.0000
14071446,0,365,0.0000
14218904,0,365,0.0000
11826815,0,365,0.0000
13334098,0,365,0.0000
4765070,283,82,0.7753
2880944,0,365,0.0000
9532771,0,365,0.0000
10253591,335,30,0.9178
1881298,266,99,0.7288
210097,284,81,0.7781
6059968,338,27,0.9260
6862758,0,365,0.0000
799701,133,232,0.3644
6862594,0,365,0.0000
9057435,145,220,0.3973
750438,143,222,0.3918
12874603,0,365,0.0000
12727401,24,341,0.0658
2077794,146,219,0.4000
9712731,0,365,0.0000
13677640,0,365,0.0000
3371091,365,0,1.0000
13512551,35,330,0.0959
732999,292,73,0.8000
6106955,213,152,0.5836
2698996,337,28,0.9233
27611,73,292,0.2000
4025194,159,206,0.4356
8336364,0,365,0.0000
12071820,57,308,0.1562
7910223,211,154,0.5781
4567815,5,360,0.0137
12022134,163,202,0.4466
13513012,9,356,0.0247
3730447,248,117,0.6795
4149974,314,51,0.8603
14933380,81,284,0.2219
6238463,35,330,0.0959
1929406,168,197,0.4603
4583526,328,37,0.8986
7287822,129,236,0.3534
8354938,177,188,0.4849
5025015,305,60,0.8356
4452800,365,0,1.0000
7554801,21,344,0.0575
9349646,0,365,0.0000
6386351,0,365,0.0000
5124772,4,361,0.0110
3977877,0,365,0.0000
1754939,13,352,0.0356
6602167,298,67,0.8164
3987926,159,206,0.4356
5729845,346,19,0.9479
9727523,328,37,0.8986
12463555,0,365,0.0000
9137560,0,365,0.0000
3616081,334,31,0.9151
8908145,364,1,0.9973
554720,308,57,0.8438
1551467,248,117,0.6795
7743569,290,75,0.7945
732932,302,63,0.8274
749247,349,16,0.9562
667325,121,244,0.3315
9349614,0,365,0.0000
10627514,258,107,0.7068
1885825,298,67,0.8164
9906565,288,77,0.7890
629814,154,211,0.4219
1222327,248,117,0.6795
10299047,153,212,0.4192
9463444,47,318,0.1288
6465075,286,79,0.7836
8932377,0,365,0.0000
9577988,209,156,0.5726
9971054,178,187,0.4877
7348110,364,1,0.9973
7790454,175,190,0.4795
3021446,302,63,0.8274
7708436,41,324,0.1123
11514237,339,26,0.9288
13363171,0,365,0.0000
11946029,309,56,0.8466
6019555,20,345,0.0548
12052288,296,69,0.8110
9676551,314,51,0.8603
12789527,70,295,0.1918
12855005,0,365,0.0000
1631942,224,141,0.6137
2884903,248,117,0.6795
14868157,358,7,0.9808
13344433,39,326,0.1068
40601,259,106,0.7096
12033661,130,235,0.3562
6298216,0,365,0.0000
12868343,0,365,0.0000
14474750,121,244,0.3315
6921672,0,365,0.0000
2219399,348,17,0.9534
336960,326,39,0.8932
336946,319,46,0.8740
6644330,338,27,0.9260
6939162,240,125,0.6575
13640138,0,365,0.0000
12593295,311,54,0.8521
10004575,90,275,0.2466
12855343,108,257,0.2959
9791506,279,86,0.7644
5801643,167,198,0.4575
12888054,156,209,0.4274
5676025,201,164,0.5507
6104388,7,358,0.0192
8283433,156,209,0.4274
14573919,349,16,0.9562
7495866,304,61,0.8329
13623390,252,113,0.6904
3629014,326,39,0.8932
10883063,39,326,0.1068
713627,0,365,0.0000
4105704,284,81,0.7781
3957602,305,60,0.8356
11739985,341,24,0.9342
5874408,41,324,0.1123
7693009,343,22,0.9397
3775876,364,1,0.9973
3693850,156,209,0.4274
4736217,365,0,1.0000
14428514,358,7,0.9808
3021862,338,27,0.9260
4348422,0,365,0.0000
973840,4,361,0.0110
9575439,195,170,0.5342
4430821,0,365,0.0000
9591772,0,365,0.0000
3079305,116,249,0.3178
14474114,89,276,0.2438
7789429,153,212,0.4192
1203014,305,60,0.8356
957224,320,45,0.8767
4119345,288,77,0.7890
5495547,23,342,0.0630
12081834,59,306,0.1616
14260905,364,1,0.9973
3988018,87,278,0.2384
728238,350,15,0.9589
12997241,0,365,0.0000
10074653,27,338,0.0740
4054079,9,356,0.0247
12849003,255,110,0.6986
8067585,50,315,0.1370
7723492,163,202,0.4466
1956275,309,56,0.8466
1136972,89,276,0.2438
1071235,303,62,0.8301
4233242,300,65,0.8219
14415125,350,15,0.9589
3905508,285,80,0.7808
1628130,0,365,0.0000
14566386,290,75,0.7945
9590679,119,246,0.3260
14469677,128,237,0.3507
447826,295,70,0.8082
12736777,217,148,0.5945
9459945,305,60,0.8356
13621476,0,365,0.0000
2365632,58,307,0.1589
10163454,0,365,0.0000
14308511,344,21,0.9425
13751426,30,335,0.0822
1692573,303,62,0.8301
12932001,359,6,0.9836
5182313,72,293,0.1973
13865867,137,228,0.3753
4331214,131,234,0.3589
12824498,0,365,0.0000
14602997,121,244,0.3315
6377998,327,38,0.8959
743211,334,31,0.9151
5166870,322,43,0.8822
3593290,340,25,0.9315
14672735,72,293,0.1973
1612842,360,5,0.9863
332225,16,349,0.0438
496022,28,337,0.0767
8720718,231,134,0.6329
9212213,248,117,0.6795
8310894,0,365,0.0000
1167221,317,48,0.8685
2592416,88,277,0.2411
1701741,365,0,1.0000
4526315,145,220,0.3973
5918944,279,86,0.7644
5738018,0,365,0.0000
4181530,213,152,0.5836
6065674,274,91,0.7507
13698137,97,268,0.2658
12209652,365,0,1.0000
5049582,305,60,0.8356
12209339,365,0,1.0000
8981656,323,42,0.8849
13110347,132,233,0.3616
9833460,306,59,0.8384
8801250,341,24,0.9342
11553697,0,365,0.0000
13110084,185,180,0.5068
14682931,352,13,0.9644
6425318,288,77,0.7890
2378421,146,219,0.4000
2443944,0,365,0.0000
14683493,311,54,0.8521
12949270,0,365,0.0000
12781774,294,71,0.8055
8226982,0,365,0.0000
5212321,90,275,0.2466
4339392,213,152,0.5836
12191871,111,254,0.3041
12190053,84,281,0.2301
6764572,66,299,0.1808
8521792,290,75,0.7945
4065322,330,35,0.9041
12209147,365,0,1.0000
14501824,263,102,0.7205
12274601,341,24,0.9342
4457943,27,338,0.0740
9865550,0,365,0.0000
4838985,17,348,0.0466
197972,322,43,0.8822
10749312,258,107,0.7068
1115394,282,83,0.7726
5702292,320,45,0.8767
4015972,334,31,0.9151
2295530,242,123,0.6630
5882411,123,242,0.3370
6914622,1,364,0.0027
13697486,0,365,0.0000
14254537,62,303,0.1699
13041752,2,363,0.0055
4538423,106,259,0.2904
1885386,307,58,0.8411
115936,327,38,0.8959
8275122,0,365,0.0000
2798787,276,89,0.7562
9110588,0,365,0.0000
2950175,0,365,0.0000
5293067,331,34,0.9068
13829133,282,83,0.7726
14161407,0,365,0.0000
11912139,290,75,0.7945
2933661,365,0,1.0000
1803138,329,36,0.9014
11397952,26,339,0.0712
50032,329,36,0.9014
6390634,8,357,0.0219
6291807,0,365,0.0000
1949996,2,363,0.0055
8634599,359,6,0.9836
11370704,0,365,0.0000
1704090,320,45,0.8767
1187188,364,1,0.9973
903598,364,1,0.9973
9903,364,1,0.9973
14444280,362,3,0.9918
12379725,304,61,0.8329
7225376,0,365,0.0000
5660081,0,365,0.0000
13968660,280,85,0.7671
1426711,289,76,0.7918
5510597,304,61,0.8329
12849985,0,365,0.0000
12320063,0,365,0.0000
4823089,0,365,0.0000
7871576,0,365,0.0000
5904992,0,365,0.0000
5222368,308,57,0.8438
66288,281,84,0.7699
11313921,0,365,0.0000
6629929,188,177,0.5151
12074204,26,339,0.0712
4160585,338,27,0.9260
13391024,113,252,0.3096
195515,89,276,0.2438
13565466,0,365,0.0000
130552,364,1,0.9973
5832127,0,365,0.0000
9710999,0,365,0.0000
12517081,0,365,0.0000
13531200,110,255,0.3014
11861063,120,245,0.3288
12089399,179,186,0.4904
5453775,101,264,0.2767
12497846,0,365,0.0000
14137262,30,335,0.0822
5526487,323,42,0.8849
14398508,31,334,0.0849
1373520,330,35,0.9041
6387077,0,365,0.0000
13037372,344,21,0.9425
1471308,297,68,0.8137
13521713,44,321,0.1205
848152,332,33,0.9096
7008455,330,35,0.9041
11006149,0,365,0.0000
12102482,179,186,0.4904
6744795,208,157,0.5699
3659917,158,207,0.4329
14854671,298,67,0.8164
1092093,308,57,0.8438
10051003,242,123,0.6630
11219568,29,336,0.0795
1471373,299,66,0.8192
13888974,364,1,0.9973
9428208,0,365,0.0000
13233250,320,45,0.8767
9710673,0,365,0.0000
8973362,0,365,0.0000
10153739,117,248,0.3205
2754149,245,120,0.6712
12707324,0,365,0.0000
14442333,158,207,0.4329
9824155,324,41,0.8877
13624971,0,365,0.0000
9626892,317,48,0.8685
7562235,0,365,0.0000
10478553,0,365,0.0000
14854164,290,75,0.7945
14196983,358,7,0.9808
6611126,0,365,0.0000
5267396,339,26,0.9288
8184662,179,186,0.4904
12264207,0,365,0.0000
14685769,50,315,0.1370
14867747,340,25,0.9315
13081347,0,365,0.0000
6118583,60,305,0.1644
6990023,305,60,0.8356
14670311,48,317,0.1315
10328539,237,128,0.6493
14668008,0,365,0.0000
10131503,179,186,0.4904
7280665,0,365,0.0000
10153536,117,248,0.3205
12359031,179,186,0.4904
13000520,30,335,0.0822
7050397,0,365,0.0000
4687499,0,365,0.0000
4625517,0,365,0.0000
5412487,0,365,0.0000
13062783,0,365,0.0000
7868931,179,186,0.4904
8442314,217,148,0.5945
12357955,206,159,0.5644
12750816,0,365,0.0000
8015793,0,365,0.0000
9998187,90,275,0.2466
14336348,23,342,0.0630
4493030,5,360,0.0137
13525610,154,211,0.4219
14339562,30,335,0.0822
14110186,48,317,0.1315
4787213,0,365,0.0000
13658697,0,365,0.0000
8539551,217,148,0.5945
9407895,0,365,0.0000
13651290,29,336,0.0795
3198169,176,189,0.4822
10537553,5,360,0.0137
7113260,312,53,0.8548
13060366,365,0,1.0000
14092430,0,365,0.0000
6834270,308,57,0.8438
7379913,0,365,0.0000
4523594,0,365,0.0000
543188,364,1,0.9973
4409653,35,330,0.0959
12667158,0,365,0.0000
8337048,4,361,0.0110
8390386,2,363,0.0055
13028092,255,110,0.6986
12608363,0,365,0.0000
5967936,0,365,0.0000
6684904,35,330,0.0959
6676364,120,245,0.3288
2174711,318,47,0.8712
14235257,365,0,1.0000
6870366,6,359,0.0164
7637094,0,365,0.0000
4518756,316,49,0.8658
14759485,159,206,0.4356
14237196,325,40,0.8904
13449737,356,9,0.9753
14365669,351,14,0.9616
11940785,0,365,0.0000
4518710,336,29,0.9205
13397390,142,223,0.3890
11398458,313,52,0.8575
1731639,338,27,0.9260
4518380,351,14,0.9616
12265433,347,18,0.9507
6268082,7,358,0.0192
14820482,346,19,0.9479
8422876,321,44,0.8795
13129109,347,18,0.9507
2706986,83,282,0.2274
11963384,116,249,0.3178
9825415,4,361,0.0110
14731382,163,202,0.4466
7931882,0,365,0.0000
475259,348,17,0.9534
475254,338,27,0.9260
6292261,325,40,0.8904
6499228,365,0,1.0000
4053612,360,5,0.9863
8733896,0,365,0.0000
9166002,0,365,0.0000
8014683,0,365,0.0000
3359170,364,1,0.9973
12303347,175,190,0.4795
3401809,364,1,0.9973
12301081,179,186,0.4904
2848330,337,28,0.9233
13079659,109,256,0.2986
2848370,346,19,0.9479
13024385,77,288,0.2110
7630346,309,56,0.8466
2848362,334,31,0.9151
2187766,92,273,0.2521
14246956,338,27,0.9260
2848393,328,37,0.8986
14573486,46,319,0.1260
3342206,148,217,0.4055
8830015,323,42,0.8849
14898198,357,8,0.9781
10611728,179,186,0.4904
11169560,60,305,0.1644
14251275,341,24,0.9342
12302222,179,186,0.4904
6452246,15,350,0.0411
8861069,12,353,0.0329
13417639,331,34,0.9068
12383204,175,190,0.4795
6500646,120,245,0.3288
12986892,148,217,0.4055
7434871,9,356,0.0247
7630340,331,34,0.9068
2848239,348,17,0.9534
994317,365,0,1.0000
12428994,166,199,0.4548
9921925,170,195,0.4658
13813380,74,291,0.2027
10116726,173,192,0.4740
10136854,117,248,0.3205
10034614,179,186,0.4904
14918194,80,285,0.2192
9183638,0,365,0.0000
12984748,148,217,0.4055
12284774,206,159,0.5644
10117472,175,190,0.4795
11126122,29,336,0.0795
12067685,37,328,0.1014
10116429,173,192,0.4740
13943142,0,365,0.0000
10034113,179,186,0.4904
11968079,176,189,0.4822
4255538,293,72,0.8027
10033710,179,186,0.4904
10033322,179,186,0.4904
11982313,175,190,0.4795
14506396,0,365,0.0000
10261620,179,186,0.4904
12899321,351,14,0.9616
4445906,79,286,0.2164
10116601,173,192,0.4740
11981674,179,186,0.4904
12949309,344,21,0.9425
9261381,0,365,0.0000
11772497,0,365,0.0000
14420920,342,23,0.9370
12356183,179,186,0.4904
2722165,52,313,0.1425
14420354,353,12,0.9671
12986016,148,217,0.4055
10262069,179,186,0.4904
14222649,41,324,0.1123
13762650,148,217,0.4055
10117329,179,186,0.4904
721979,364,1,0.9973
13624476,279,86,0.7644
13445221,70,295,0.1918
13059,333,32,0.9123
369880,248,117,0.6795
822063,4,361,0.0110
12826145,334,31,0.9151
8555187,0,365,0.0000
10704442,0,365,0.0000
10928093,0,365,0.0000
9834727,86,279,0.2356
8011545,0,365,0.0000
14204600,329,36,0.9014
10106081,144,221,0.3945
14461498,225,140,0.6164
4553903,72,293,0.1973
11648212,0,365,0.0000
916123,315,50,0.8630
10779412,0,365,0.0000
5782221,150,215,0.4110
13744821,1,364,0.0027
12221012,107,258,0.2932
2898226,63,302,0.1726
12843196,325,40,0.8904
13478348,6,359,0.0164
14104621,3,362,0.0082
14857923,344,21,0.9425
12269155,315,50,0.8630
13800505,55,310,0.1507
13007124,305,60,0.8356
14808548,12,353,0.0329
13248823,0,365,0.0000
12957423,291,74,0.7973
13107648,224,141,0.6137
2831504,335,30,0.9178
2842124,141,224,0.3863
14282764,69,296,0.1890
13709092,1,364,0.0027
9858828,0,365,0.0000
14035943,0,365,0.0000
7582651,0,365,0.0000
11924459,241,124,0.6603
766700,301,64,0.8247
13005579,340,25,0.9315
3434614,2,363,0.0055
13573506,0,365,0.0000
4518100,328,37,0.8986
4304969,294,71,0.8055
2943804,335,30,0.9178
11922134,326,39,0.8932
2043541,280,85,0.7671
2043529,284,81,0.7781
9750460,14,351,0.0384
2043261,248,117,0.6795
815639,312,53,0.8548
6089865,296,69,0.8110
2633478,358,7,0.9808
7450348,0,365,0.0000
9841140,196,169,0.5370
13298108,244,121,0.6685
4924910,318,47,0.8712
13642397,0,365,0.0000
14624254,10,355,0.0274
4580825,10,355,0.0274
10836881,355,10,0.9726
9610609,338,27,0.9260
3006311,0,365,0.0000
13414367,4,361,0.0110
8036024,69,296,0.1890
24240,251,114,0.6877
12425501,318,47,0.8712
6939759,0,365,0.0000
3129309,310,55,0.8493
4350995,248,117,0.6795
6971836,0,365,0.0000
1220971,286,79,0.7836
3664031,74,291,0.2027
14215317,346,19,0.9479
4089940,57,308,0.1562
1615033,315,50,0.8630
11624428,0,365,0.0000
9331460,0,365,0.0000
9117009,303,62,0.8301
14572511,18,347,0.0493
220676,249,116,0.6822
891661,211,154,0.5781
14780436,309,56,0.8466
5511911,0,365,0.0000
7036112,0,365,0.0000
14424224,74,291,0.2027
14429876,285,80,0.7808
7018497,0,365,0.0000
14538087,342,23,0.9370
6134145,265,100,0.7260
8556025,309,56,0.8466
5755910,297,68,0.8137
9425902,0,365,0.0000
12407753,0,365,0.0000
1758953,306,59,0.8384
1094599,365,0,1.0000
14589695,155,210,0.4247
7181950,325,40,0.8904
6197950,0,365,0.0000
971393,273,92,0.7479
9344096,0,365,0.0000
7984226,0,365,0.0000
12784064,310,55,0.8493
8458210,344,21,0.9425
2183058,299,66,0.8192
4279959,246,119,0.6740
2657905,270,95,0.7397
4558443,37,328,0.1014
4034018,283,82,0.7753
947751,0,365,0.0000
2658094,290,75,0.7945
11229070,0,365,0.0000
10997047,325,40,0.8904
3967611,257,108,0.7041
7080514,0,365,0.0000
12585455,320,45,0.8767
4573388,291,74,0.7973
9259184,310,55,0.8493
14239909,157,208,0.4301
8390793,0,365,0.0000
4573238,283,82,0.7753
9706199,0,365,0.0000
12683680,349,16,0.9562
8227206,69,296,0.1890
4573458,299,66,0.8192
369940,172,193,0.4712
1426754,300,65,0.8219
3032367,0,365,0.0000
6801288,22,343,0.0603
12306135,0,365,0.0000
10175033,314,51,0.8603
12599820,0,365,0.0000
5768195,0,365,0.0000
13140867,97,268,0.2658
11223924,319,46,0.8740
2376518,312,53,0.8548
14483758,326,39,0.8932
13074722,0,365,0.0000
4653267,0,365,0.0000
7454907,0,365,0.0000
13258244,95,270,0.2603
7273513,248,117,0.6795
12494334,364,1,0.9973
8014642,0,365,0.0000
13653233,5,360,0.0137
8238404,289,76,0.7918
7293671,242,123,0.6630
2473997,86,279,0.2356
14300751,324,41,0.8877
14300921,328,37,0.8986
2260547,365,0,1.0000
5506,344,21,0.9425
2636365,19,346,0.0521
1884045,314,51,0.8603
5717690,338,27,0.9260
10190260,105,260,0.2877
6765855,0,365,0.0000
1342370,313,52,0.8575
349347,349,16,0.9562
8469464,248,117,0.6795
801722,338,27,0.9260
2260501,364,1,0.9973
801680,325,40,0.8904
1175376,336,29,0.9205
6093430,0,365,0.0000
14756269,28,337,0.0767
12351909,138,227,0.3781
1374466,249,116,0.6822
1374434,251,114,0.6877
14742564,361,4,0.9890
12368082,217,148,0.5945
276450,328,37,0.8986
3602379,329,36,0.9014
14907062,353,12,0.9671
8402408,280,85,0.7671
6780313,328,37,0.8986
8238311,352,13,0.9644
13513696,0,365,0.0000
4568116,30,335,0.0822
11300899,267,98,0.7315
6780300,318,47,0.8712
14668441,0,365,0.0000
14813006,337,28,0.9233
8172380,335,30,0.9178
13054720,28,337,0.0767
11907764,165,200,0.4521
8319253,364,1,0.9973
60029,250,115,0.6849
1403408,248,117,0.6795
9614024,0,365,0.0000
14414473,294,71,0.8055
12627225,364,1,0.9973
8153848,353,12,0.9671
4205641,322,43,0.8822
9415712,280,85,0.7671
9694218,227,138,0.6219
12857811,362,3,0.9918
6080461,329,36,0.9014
13298137,340,25,0.9315
14428517,57,308,0.1562
13379155,0,365,0.0000
10249798,79,286,0.2164
7825327,335,30,0.9178
12756776,358,7,0.9808
1550047,309,56,0.8466
5269216,295,70,0.8082
9166393,0,365,0.0000
11656698,296,69,0.8110
9362821,33,332,0.0904
1850260,350,15,0.9589
6645010,29,336,0.0795
13214949,0,365,0.0000
14428745,85,280,0.2329
2892825,354,11,0.9699
8371203,364,1,0.9973
5317935,9,356,0.0247
14110777,166,199,0.4548
6939454,20,345,0.0548
7724412,0,365,0.0000
176006,314,51,0.8603
7281884,39,326,0.1068
13796564,5,360,0.0137
3727560,349,16,0.9562
10247000,0,365,0.0000
13753007,0,365,0.0000
11639480,362,3,0.9918
6695,324,41,0.8877
10787333,213,152,0.5836
13261006,0,365,0.0000
5970118,365,0,1.0000
14473053,0,365,0.0000
4593974,284,81,0.7781
3343428,45,320,0.1233
6576530,357,8,0.9781
12463075,356,9,0.9753
3888360,316,49,0.8658
4560053,334,31,0.9151
14426987,139,226,0.3808
13653016,75,290,0.2055
5526514,335,30,0.9178
1602491,340,25,0.9315
14472812,0,365,0.0000
169430,18,347,0.0493
8420883,342,23,0.9370
13652639,102,263,0.2795
5940069,365,0,1.0000
8228903,342,23,0.9370
8310807,349,16,0.9562
9834532,0,365,0.0000
4460532,21,344,0.0575
11948017,0,365,0.0000
4263736,47,318,0.1288
69369,333,32,0.9123
13077603,93,272,0.2548
8735827,42,323,0.1151
13978700,365,0,1.0000
8703026,254,111,0.6959
12504504,292,73,0.8000
14855404,345,20,0.9452
658029,284,81,0.7781
13918656,349,16,0.9562
6709682,9,356,0.0247
4615251,261,104,0.7151
3656168,340,25,0.9315
7784616,4,361,0.0110
7618925,111,254,0.3041
13549924,166,199,0.4548
8734707,66,299,0.1808
5146580,305,60,0.8356
8815738,40,325,0.1096
13735741,0,365,0.0000
8495348,365,0,1.0000
14418787,154,211,0.4219
7161203,351,14,0.9616
5146447,263,102,0.7205
5146451,286,79,0.7836
1197857,337,28,0.9233
13797162,111,254,0.3041
9961767,7,358,0.0192
163941,323,42,0.8849
11011124,0,365,0.0000
12796808,364,1,0.9973
4555637,59,306,0.1616
1638584,34,331,0.0932
9896359,272,93,0.7452
5885130,364,1,0.9973
6068207,0,365,0.0000
11213228,0,365,0.0000
2301709,318,47,0.8712
1077105,248,117,0.6795
1183032,51,314,0.1397
9765,362,3,0.9918
9870,362,3,0.9918
27141,359,6,0.9836
650956,312,53,0.8548
1044307,362,3,0.9918
11856912,0,365,0.0000
6992859,364,1,0.9973
3969526,121,244,0.3315
1166808,361,4,0.9890
8439661,340,25,0.9315
5433246,0,365,0.0000
6793945,106,259,0.2904
2846739,337,28,0.9233
6575654,30,335,0.0822
8193344,339,26,0.9288
6355733,0,365,0.0000
9862792,153,212,0.4192
13995573,84,281,0.2301
7954808,30,335,0.0822
11687031,29,336,0.0795
7649517,28,337,0.0767
8575476,223,142,0.6110
8902304,23,342,0.0630
7919500,30,335,0.0822
7456890,14,351,0.0384
8987722,84,281,0.2301
9208166,137,228,0.3753
7540480,338,27,0.9260
14918869,365,0,1.0000
7921131,21,344,0.0575
8988506,85,280,0.2329
7634365,8,357,0.0219
7358714,26,339,0.0712
2326445,46,319,0.1260
8518665,13,352,0.0356
13494185,134,231,0.3671
10427199,149,216,0.4082
851927,331,34,0.9068
12287958,156,209,0.4274
4461901,348,17,0.9534
5714786,321,44,0.8795
13713143,16,349,0.0438
1277618,21,344,0.0575
9731479,80,285,0.2192
1899770,0,365,0.0000
13707814,4,361,0.0110
2916208,248,117,0.6795
8082512,310,55,0.8493
8403945,310,55,0.8493
8686165,45,320,0.1233
4750791,292,73,0.8000
8846202,135,230,0.3699
2292495,319,46,0.8740
13171246,0,365,0.0000
1489289,248,117,0.6795
14591627,68,297,0.1863
12384469,2,363,0.0055
8206536,278,87,0.7616
9933886,116,249,0.3178
7205210,122,243,0.3342
13318173,5,360,0.0137
8992733,0,365,0.0000
5783197,331,34,0.9068
7796658,0,365,0.0000
11588543,306,59,0.8384
1275498,252,113,0.6904
8025718,300,65,0.8219
7476340,310,55,0.8493
4879702,0,365,0.0000
225224,329,36,0.9014
7694559,326,39,0.8932
12253029,3,362,0.0082
7714627,321,44,0.8795
12890156,324,41,0.8877
5074924,325,40,0.8904
2372987,304,61,0.8329
7368611,323,42,0.8849
3601030,293,72,0.8027
9841645,0,365,0.0000
14414330,350,15,0.9589
4860853,320,45,0.8767
5532549,1,364,0.0027
8631257,0,365,0.0000
9663423,4,361,0.0110
6763409,340,25,0.9315
3289921,29,336,0.0795
5976821,138,227,0.3781
8680170,39,326,0.1068
11841986,79,286,0.2164
6287797,0,365,0.0000
8827268,365,0,1.0000
5075267,327,38,0.8959
798957,133,232,0.3644
11710680,26,339,0.0712
11686744,29,336,0.0795
8088370,69,296,0.1890
4742275,63,302,0.1726
7645862,327,38,0.8959
9821291,0,365,0.0000
9611852,42,323,0.1151
7294565,0,365,0.0000
14821911,80,285,0.2192
8303267,333,32,0.9123
9728602,56,309,0.1534
5058148,0,365,0.0000
6762011,326,39,0.8932
11873789,345,20,0.9452
12496332,0,365,0.0000
585148,264,101,0.7233
5582163,185,180,0.5068
5352623,109,256,0.2986
322593,146,219,0.4000
6810723,310,55,0.8493
11902134,275,90,0.7534
14461998,3,362,0.0082
10227043,289,76,0.7918
14709217,27,338,0.0740
2683284,344,21,0.9425
11397511,80,285,0.2192
1252289,122,243,0.3342
4679319,64,301,0.1753
8006992,321,44,0.8795
7513605,343,22,0.9397
8371115,5,360,0.0137
13378987,0,365,0.0000
13477286,0,365,0.0000
13378936,154,211,0.4219
11041684,361,4,0.9890
13378923,141,224,0.3863
11771810,304,61,0.8329
6348631,0,365,0.0000
9840919,0,365,0.0000
5734770,59,306,0.1616
8480507,45,320,0.1233
9430774,0,365,0.0000
4364925,318,47,0.8712
12426977,67,298,0.1836
7511737,324,41,0.8877
7694365,290,75,0.7945
12508801,279,86,0.7644
10083878,120,245,0.3288
990668,149,216,0.4082
10427882,203,162,0.5562
639111,187,178,0.5123
14933461,150,215,0.4110
6677700,0,365,0.0000
8316068,352,13,0.9644
8381472,0,365,0.0000
6972426,350,15,0.9589
6759439,103,262,0.2822
6038520,248,117,0.6795
3236496,88,277,0.2411
8200839,295,70,0.8082
1106555,365,0,1.0000
6939126,365,0,1.0000
14304682,314,51,0.8603
8595650,309,56,0.8466
2549840,292,73,0.8000
5088560,145,220,0.3973
4364989,291,74,0.7973
14091605,1,364,0.0027
6758482,339,26,0.9288
7856208,0,365,0.0000
6758443,340,25,0.9315
6758462,310,55,0.8493
1810397,334,31,0.9151
14819274,34,331,0.0932
7377034,19,346,0.0521
8201104,326,39,0.8932
13460331,51,314,0.1397
14770892,336,29,0.9205
453660,292,73,0.8000
14589341,56,309,0.1534
12049787,155,210,0.4247
3808557,0,365,0.0000
1119740,357,8,0.9781
2513870,0,365,0.0000
12034317,0,365,0.0000
3842286,129,236,0.3534
13377097,140,225,0.3836
7920541,26,339,0.0712
2694019,171,194,0.4685
11590512,7,358,0.0192
10656576,0,365,0.0000
5593888,133,232,0.3644
9706279,0,365,0.0000
14817983,362,3,0.9918
7592616,0,365,0.0000
826555,132,233,0.3616
7740592,364,1,0.9973
13605430,0,365,0.0000
10656206,347,18,0.9507
14486599,347,18,0.9507
7095320,0,365,0.0000
12308161,40,325,0.1096
9508975,0,365,0.0000
6248526,0,365,0.0000
1071144,357,8,0.9781
989163,318,47,0.8712
9197535,0,365,0.0000
22354,336,29,0.9205
12916551,242,123,0.6630
7214920,272,93,0.7452
7755144,346,19,0.9479
10391455,41,324,0.1123
5639731,320,45,0.8767
9574727,0,365,0.0000
6134013,0,365,0.0000
14522631,264,101,0.7233
4461846,296,69,0.8110
6444303,7,358,0.0192
824244,0,365,0.0000
22208,357,8,0.9781
7575052,264,101,0.7233
11060140,361,4,0.9890
14125957,33,332,0.0904
12587887,235,130,0.6438
1038465,333,32,0.9123
12653367,2,363,0.0055
8753913,101,264,0.2767
9949819,0,365,0.0000
2495047,310,55,0.8493
9853959,0,365,0.0000
10671192,36,329,0.0986
9446242,364,1,0.9973
9474436,75,290,0.2055
1200502,271,94,0.7425
9757412,0,365,0.0000
7508063,0,365,0.0000
7901248,9,356,0.0247
14094279,12,353,0.0329
7114655,17,348,0.0466
8815257,63,302,0.1726
2215762,309,56,0.8466
14372667,273,92,0.7479
3903273,263,102,0.7205
12979965,275,90,0.7534
13078164,138,227,0.3781
5067019,236,129,0.6466
5640375,325,40,0.8904
14405817,112,253,0.3068
14589471,49,316,0.1342
13713445,15,350,0.0411
13078068,294,71,0.8055
7095658,248,117,0.6795
8096900,112,253,0.3068
6426364,323,42,0.8849
4787233,4,361,0.0110
7916575,340,25,0.9315
12094488,40,325,0.1096
8211468,310,55,0.8493
1428355,75,290,0.2055
12290886,159,206,0.4356
526970,328,37,0.8986
2395326,58,307,0.1589
10734159,36,329,0.0986
8014383,158,207,0.4329
4609785,279,86,0.7644
5867761,0,365,0.0000
5834930,365,0,1.0000
8309604,0,365,0.0000
7965521,297,68,0.8137
1401625,359,6,0.9836
11470818,364,1,0.9973
13928400,334,31,0.9151
11634638,0,365,0.0000
8406972,0,365,0.0000
5768819,309,56,0.8466
5588537,144,221,0.3945
10656899,0,365,0.0000
6276572,365,0,1.0000
625012,76,289,0.2082
13912472,310,55,0.8493
7342489,290,75,0.7945
6850880,310,55,0.8493
7325084,0,365,0.0000
705919,315,50,0.8630
5932402,0,365,0.0000
901914,0,365,0.0000
5718801,168,197,0.4603
9487079,102,263,0.2795
4410142,1,364,0.0027
8301926,1,364,0.0027
5153080,309,56,0.8466
4278067,330,35,0.9041
7620413,0,365,0.0000
1214214,364,1,0.9973
14489201,99,266,0.2712
9094794,0,365,0.0000
1425973,365,0,1.0000
986399,0,365,0.0000
4549374,308,57,0.8438
639101,187,178,0.5123
9207914,91,274,0.2493
1365335,248,117,0.6795
11927580,0,365,0.0000
11585459,364,1,0.9973
5769127,325,40,0.8904
4294557,0,365,0.0000
6851459,335,30,0.9178
5932267,176,189,0.4822
6075932,339,26,0.9288
8782991,0,365,0.0000
4588530,0,365,0.0000
13697966,149,216,0.4082
8970393,170,195,0.4658
9864083,0,365,0.0000
5718921,40,325,0.1096
4178790,314,51,0.8603
11687122,32,333,0.0877
13697464,153,212,0.4192
11796879,0,365,0.0000
442735,337,28,0.9233
12318093,317,48,0.8685
3415245,34,331,0.0932
14680277,151,214,0.4137
12812461,42,323,0.1151
10567830,365,0,1.0000
10634364,242,123,0.6630
543078,329,36,0.9014
12290477,0,365,0.0000
68902,364,1,0.9973
627048,364,1,0.9973
5280183,279,86,0.7644
9918240,246,119,0.6740
11275963,10,355,0.0274
3182473,364,1,0.9973
4887325,0,365,0.0000
13864961,75,290,0.2055
8048838,0,365,0.0000
56927,364,1,0.9973
9824,323,42,0.8849
2189086,267,98,0.7315
9858,364,1,0.9973
9860,353,12,0.9671
1174776,279,86,0.7644
28150,356,9,0.9753
716643,364,1,0.9973
13589,308,57,0.8438
10859498,359,6,0.9836
9857,347,18,0.9507
12603280,152,213,0.4164
10882267,62,303,0.1699
4948724,298,67,0.8164
6214710,295,70,0.8082
2701124,302,63,0.8274
9373802,52,313,0.1425
14217967,2,363,0.0055
7749568,0,365,0.0000
10037387,204,161,0.5589
14040844,332,33,0.9096
1322461,0,365,0.0000
7728508,91,274,0.2493
2277821,344,21,0.9425
14855656,347,18,0.9507
6908525,304,61,0.8329
7856323,113,252,0.3096
7474855,334,31,0.9151
7475379,318,47,0.8712
6879036,324,41,0.8877
2881388,327,38,0.8959
14745087,115,250,0.3151
7474044,332,33,0.9096
8188894,0,365,0.0000
8410270,0,365,0.0000
7698631,0,365,0.0000
7159343,0,365,0.0000
14858003,355,10,0.9726
14723758,23,342,0.0630
8663351,9,356,0.0247
14041036,321,44,0.8795
13729738,157,208,0.4301
4603803,0,365,0.0000
13614982,111,254,0.3041
4143561,144,221,0.3945
12304165,171,194,0.4685
6323935,260,105,0.7123
311240,160,205,0.4384
4603588,248,117,0.6795
13090471,0,365,0.0000
9993826,179,186,0.4904
9993602,179,186,0.4904
10812807,0,365,0.0000
2915643,365,0,1.0000
13466910,343,22,0.9397
14670143,16,349,0.0438
5455004,365,0,1.0000
6552654,318,47,0.8712
8584276,179,186,0.4904
1264217,27,338,0.0740
9698823,0,365,0.0000
48612,45,320,0.1233
5455293,342,23,0.9370
9992532,179,186,0.4904
7961477,197,168,0.5397
1964878,148,217,0.4055
1329627,338,27,0.9260
5454513,361,4,0.9890
13592,354,11,0.9699
47725,358,7,0.9808
10811,365,0,1.0000
7731797,105,260,0.2877
47722,360,5,0.9863
14711359,44,321,0.1205
9992751,179,186,0.4904
14322091,13,352,0.0356
13433298,45,320,0.1233
7240149,0,365,0.0000
12286410,160,205,0.4384
2374089,8,357,0.0219
1948096,321,44,0.8795
9238963,0,365,0.0000
9631816,0,365,0.0000
10860611,0,365,0.0000
12154934,143,222,0.3918
7125052,0,365,0.0000
4044840,5,360,0.0137
13711334,161,204,0.4411
11122394,298,67,0.8164
9991857,174,191,0.4767
1341072,6,359,0.0164
56937,364,1,0.9973
9144588,128,237,0.3507
1498719,336,29,0.9205
1717816,340,25,0.9315
11590000,85,280,0.2329
6895050,32,333,0.0877
10138904,315,50,0.8630
11121872,303,62,0.8301
6121709,348,17,0.9534
4065578,113,252,0.3096
9974833,40,325,0.1096
14397533,113,252,0.3096
9809914,47,318,0.1288
4490826,148,217,0.4055
1551205,357,8,0.9781
3601254,328,37,0.8986
9346513,357,8,0.9781
4870883,0,365,0.0000
8351880,69,296,0.1890
12441,305,60,0.8356
7860369,363,2,0.9945
11905849,303,62,0.8301
5581575,298,67,0.8164
11201204,198,167,0.5425
12626504,94,271,0.2575
1372816,328,37,0.8986
13218392,0,365,0.0000
12268144,0,365,0.0000
12205324,0,365,0.0000
14603013,145,220,0.3973
13872339,362,3,0.9918
12020829,246,119,0.6740
1776190,364,1,0.9973
14822424,145,220,0.3973
29155,311,54,0.8521
13674964,90,275,0.2466
9677207,0,365,0.0000
8497555,0,365,0.0000
10070404,328,37,0.8986
12953937,283,82,0.7753
2108738,0,365,0.0000
1811776,82,283,0.2247
1090413,342,23,0.9370
8206659,0,365,0.0000
10084216,15,350,0.0411
10266928,183,182,0.5014
14722711,0,365,0.0000
11462476,308,57,0.8438
10266397,199,166,0.5452
9414403,36,329,0.0986
14821064,216,149,0.5918
14147343,0,365,0.0000
8822499,233,132,0.6384
10228457,17,348,0.0466
14917151,1,364,0.0027
9725178,122,243,0.3342
6009031,0,365,0.0000
7971930,0,365,0.0000
5989418,0,365,0.0000
6677469,277,88,0.7589
3302294,316,49,0.8658
12362389,0,365,0.0000
6759004,282,83,0.7726
13017460,343,22,0.9397
4516065,5,360,0.0137
12264926,0,365,0.0000
12797493,323,42,0.8849
5992501,5,360,0.0137
5791960,306,59,0.8384
10264774,180,185,0.4932
5021859,255,110,0.6986
14442491,8,357,0.0219
9855805,152,213,0.4164
7740436,4,361,0.0110
6921241,0,365,0.0000
4972820,303,62,0.8301
12263690,168,197,0.4603
9920084,179,186,0.4904
754845,322,43,0.8822
4777111,61,304,0.1671
13015832,246,119,0.6740
13015927,298,67,0.8164
13589343,327,38,0.8959
14713980,21,344,0.0575
705900,292,73,0.8000
8577620,0,365,0.0000
12390027,36,329,0.0986
9231486,342,23,0.9370
10542140,253,112,0.6932
11885148,76,289,0.2082
10148425,269,96,0.7370
10164759,348,17,0.9534
6685682,333,32,0.9123
11082235,148,217,0.4055
4020650,342,23,0.9370
4446413,148,217,0.4055
7840797,342,23,0.9370
3528826,323,42,0.8849
11589644,82,283,0.2247
14636981,244,121,0.6685
1775935,360,5,0.9863
7804358,325,40,0.8904
7007801,98,267,0.2685
14367134,0,365,0.0000
7264674,309,56,0.8466
13591607,54,311,0.1479
8116523,70,295,0.1918
13015353,359,6,0.9836
9918713,179,186,0.4904
2331886,40,325,0.1096
12489916,0,365,0.0000
693353,361,4,0.9890
2429961,323,42,0.8849
14423004,344,21,0.9425
9343915,222,143,0.6082
9327506,0,365,0.0000
22212,348,17,0.9534
12621291,10,355,0.0274
12914154,286,79,0.7836
414419,325,40,0.8904
21337,364,1,0.9973
5919529,126,239,0.3452
5870309,174,191,0.4767
6991310,0,365,0.0000
14422695,345,20,0.9452
5903001,361,4,0.9890
472070,309,56,0.8466
6017574,38,327,0.1041
11211273,344,21,0.9425
14085771,299,66,0.8192
1234740,351,14,0.9616
9180947,114,251,0.3123
13391640,0,365,0.0000
7853079,318,47,0.8712
14422439,355,10,0.9726
4132983,141,224,0.3863
13848636,364,1,0.9973
7475215,306,59,0.8384
9252183,343,22,0.9397
11980767,94,271,0.2575
2723274,0,365,0.0000
8737466,348,17,0.9534
13864771,127,238,0.3479
9992143,176,189,0.4822
9228519,248,117,0.6795
10293480,360,5,0.9863
6213822,358,7,0.9808
3673688,365,0,1.0000
12865092,1,364,0.0027
3591388,355,10,0.9726
9473816,0,365,0.0000
14552102,35,330,0.0959
12291029,96,269,0.2630
10881994,342,23,0.9370
13912943,0,365,0.0000
14388025,21,344,0.0575
4377247,21,344,0.0575
7474615,317,48,0.8685
13110631,318,47,0.8712
3870046,274,91,0.7507
789843,6,359,0.0164
2247190,141,224,0.3863
4409819,331,34,0.9068
3410087,191,174,0.5233
7194793,22,343,0.0603
12897110,319,46,0.8740
6075481,365,0,1.0000
13060113,89,276,0.2438
3704801,0,365,0.0000
10569282,140,225,0.3836
9504314,248,117,0.6795
14714374,23,342,0.0630
13912470,314,51,0.8603
13912467,325,40,0.8904
2246959,142,223,0.3890
2656568,0,365,0.0000
14819717,329,36,0.9014
9504177,0,365,0.0000
6882615,315,50,0.8630
5899031,329,36,0.9014
1868513,5,360,0.0137
11371205,341,24,0.9342
12998272,330,35,0.9041
14386825,345,20,0.9452
197146,350,15,0.9589
4358181,335,30,0.9178
4080849,0,365,0.0000
12092499,342,23,0.9370
10454061,347,18,0.9507
10945558,340,25,0.9315
3458030,0,365,0.0000
4432035,120,245,0.3288
13992811,1,364,0.0027
7881551,314,51,0.8603
10701625,357,8,0.9781
10409490,0,365,0.0000
14713259,18,347,0.0493
3867014,329,36,0.9014
13959444,165,200,0.4521
1589392,180,185,0.4932
11455804,115,250,0.3151
1066742,359,6,0.9836
8982616,325,40,0.8904
9273,364,1,0.9973
8326439,356,9,0.9753
13820571,0,365,0.0000
13926704,340,25,0.9315
4107959,67,298,0.1836
5940866,36,329,0.0986
6436334,360,5,0.9863
1147871,335,30,0.9178
14885796,163,202,0.4466
1458081,320,45,0.8767
4868653,346,19,0.9479
2441095,348,17,0.9534
7634067,60,305,0.1644
12646288,28,337,0.0767
8846849,158,207,0.4329
1178162,342,23,0.9370
13908638,46,319,0.1260
1178106,358,7,0.9808
13433317,325,40,0.8904
6142396,310,55,0.8493
13908031,34,331,0.0932
14564883,321,44,0.8795
13884549,298,67,0.8164
12580274,348,17,0.9534
12891323,248,117,0.6795
11695285,264,101,0.7233
11498583,73,292,0.2000
14824568,179,186,0.4904
11498523,67,298,0.1836
8859689,322,43,0.8822
6614984,13,352,0.0356
9531326,0,365,0.0000
11398953,325,40,0.8904
9382898,310,55,0.8493
2634361,21,344,0.0575
1141522,337,28,0.9233
7809904,0,365,0.0000
13233001,297,68,0.8137
11498416,69,296,0.1890
10056496,36,329,0.0986
11334091,327,38,0.8959
11866869,0,365,0.0000
13594886,307,58,0.8411
11579622,255,110,0.6986
7678756,0,365,0.0000
1059604,359,6,0.9836
8252058,286,79,0.7836
12560987,313,52,0.8575
12233285,72,293,0.1973
12233225,67,298,0.1836
6337106,336,29,0.9205
9958026,359,6,0.9836
5616179,353,12,0.9671
14168664,171,194,0.4685
9858437,146,219,0.4000
8514932,93,272,0.2548
8469735,334,31,0.9151
12971157,0,365,0.0000
182049,365,0,1.0000
7482338,269,96,0.7370
2634499,24,341,0.0658
9897713,5,360,0.0137
5990808,117,248,0.3205
12233043,77,288,0.2110
14083611,40,325,0.1096
9698226,348,17,0.9534
2778656,0,365,0.0000
13874533,338,27,0.9260
4614037,352,13,0.9644
11593592,1,364,0.0027
9711934,313,52,0.8575
13969217,66,299,0.1808
13100828,89,276,0.2438
8064980,278,87,0.7616
8134231,0,365,0.0000
10233104,74,291,0.2027
238846,365,0,1.0000
12051674,345,20,0.9452
14885917,56,309,0.1534
57800,353,12,0.9671
8970779,248,117,0.6795
8118718,15,350,0.0411
14918032,364,1,0.9973
13393418,318,47,0.8712
1042420,301,64,0.8247
6314998,86,279,0.2356
14072546,45,320,0.1233
14344516,17,348,0.0466
7035556,177,188,0.4849
8757949,89,276,0.2438
10411383,291,74,0.7973
13613562,358,7,0.9808
13394184,0,365,0.0000
1497879,63,302,0.1726
11333422,329,36,0.9014
8624898,215,150,0.5890
8166076,332,33,0.9096
14178758,77,288,0.2110
14072256,46,319,0.1260
10132073,337,28,0.9233
14522917,296,69,0.8110
8231382,17,348,0.0466
10524612,315,50,0.8630
12604733,350,15,0.9589
5364137,122,243,0.3342
4315439,364,1,0.9973
13046976,36,329,0.0986
7033732,27,338,0.0740
611081,342,23,0.9370
13816458,309,56,0.8466
7984949,276,89,0.7562
4314054,277,88,0.7589
12308927,88,277,0.2411
118905,350,15,0.9589
20000,341,24,0.9342
14532696,34,331,0.0932
8065282,322,43,0.8822
4820071,71,294,0.1945
9751520,0,365,0.0000
9145242,361,4,0.9890
13421289,85,280,0.2329
7178893,22,343,0.0603
11618815,300,65,0.8219
14141920,6,359,0.0164
5478135,121,244,0.3315
10356880,304,61,0.8329
3615760,279,86,0.7644
9390951,0,365,0.0000
1051482,248,117,0.6795
4475740,1,364,0.0027
14262627,219,146,0.6000
12699603,0,365,0.0000
7489883,364,1,0.9973
3802530,0,365,0.0000
14075290,46,319,0.1260
1066767,358,7,0.9808
4638356,135,230,0.3699
12436115,363,2,0.9945
8716849,363,2,0.9945
3917027,90,275,0.2466
10945407,19,346,0.0521
8340599,124,241,0.3397
14255219,316,49,0.8658
14533011,34,331,0.0932
4080000,90,275,0.2466
14844149,363,2,0.9945
7880828,359,6,0.9836
13064781,109,256,0.2986
1541166,251,114,0.6877
8454985,160,205,0.4384
14769652,83,282,0.2274
77681,363,2,0.9945
4112178,0,365,0.0000
5684598,248,117,0.6795
7109689,339,26,0.9288
14924831,66,299,0.1808
29765,269,96,0.7370
14660635,59,306,0.1616
5813992,0,365,0.0000
3749523,314,51,0.8603
1587540,14,351,0.0384
10253899,74,291,0.2027
45987,365,0,1.0000
7009774,0,365,0.0000
14136509,362,3,0.9918
5174821,0,365,0.0000
12432535,73,292,0.2000
8613870,0,365,0.0000
13414159,126,239,0.3452
2798599,248,117,0.6795
12825412,0,365,0.0000
14594810,88,277,0.2411
1421610,9,356,0.0247
619142,247,118,0.6767
93505,269,96,0.7370
3721095,313,52,0.8575
44205,264,101,0.7233
4402259,317,48,0.8685
1223050,60,305,0.1644
189965,350,15,0.9589
6268805,69,296,0.1890
14834305,340,25,0.9315
14296152,341,24,0.9342
13951579,0,365,0.0000
13163259,0,365,0.0000
11837857,19,346,0.0521
9822600,0,365,0.0000
11395461,0,365,0.0000
14013663,57,308,0.1562
5726250,296,69,0.8110
5628808,0,365,0.0000
5481243,302,63,0.8274
13083342,14,351,0.0384
13655073,146,219,0.4000
2810123,0,365,0.0000
14858782,340,25,0.9315
13032590,322,43,0.8822
2660908,1,364,0.0027
9132081,0,365,0.0000
14292385,350,15,0.9589
2167993,329,36,0.9014
14013583,57,308,0.1562
13063952,192,173,0.5260
6886946,11,354,0.0301
6378076,246,119,0.6740
14537320,309,56,0.8466
6690605,98,267,0.2685
5592866,6,359,0.0164
8442940,7,358,0.0192
708802,304,61,0.8329
1658983,235,130,0.6438
6000531,8,357,0.0219
13586128,332,33,0.9096
9900315,17,348,0.0466
11521541,349,16,0.9562
13045194,279,86,0.7644
8189821,0,365,0.0000
1445064,250,115,0.6849
13585624,339,26,0.9288
14191723,42,323,0.1151
6627802,365,0,1.0000
5076880,339,26,0.9288
12356962,340,25,0.9315
12372052,231,134,0.6329
13830152,242,123,0.6630
5719606,330,35,0.9041
182613,38,327,0.1041
5620496,87,278,0.2384
82637,363,2,0.9945
3820516,252,113,0.6904
14501620,68,297,0.1863
13371105,271,94,0.7425
14632658,78,287,0.2137
7321217,309,56,0.8466
1102623,156,209,0.4274
7472068,343,22,0.9397
7053454,308,57,0.8438
1755376,364,1,0.9973
4917583,365,0,1.0000
12130434,359,6,0.9836
10118573,179,186,0.4904
979759,359,6,0.9836
14423483,357,8,0.9781
14404992,8,357,0.0219
8696236,0,365,0.0000
8814479,359,6,0.9836
8191739,341,24,0.9342
965554,364,1,0.9973
8814039,350,15,0.9589
8813451,352,13,0.9644
14908177,325,40,0.8904
1358531,364,1,0.9973
4602191,362,3,0.9918
7596262,179,186,0.4904
8191517,359,6,0.9836
12088322,175,190,0.4795
13545648,359,6,0.9836
10119075,179,186,0.4904
4467841,0,365,0.0000
3931204,137,228,0.3753
10118716,179,186,0.4904
9644312,0,365,0.0000
10118946,179,186,0.4904
10118379,175,190,0.4795
7857318,245,120,0.6712
10118091,175,190,0.4795
10052037,117,248,0.3205
10152056,179,186,0.4904
10119193,179,186,0.4904
10051649,365,0,1.0000
25418,364,1,0.9973
10051842,62,303,0.1699
7855702,179,186,0.4904
11967208,0,365,0.0000
4610745,0,365,0.0000
23668,364,1,0.9973
10119327,179,186,0.4904
10327517,0,365,0.0000
6015995,179,186,0.4904
7308623,0,365,0.0000
4489920,86,279,0.2356
2769450,316,49,0.8658
14467554,336,29,0.9205
1867881,184,181,0.5041
1131634,313,52,0.8575
67774,248,117,0.6795
8309711,309,56,0.8466
5659866,95,270,0.2603
1303261,365,0,1.0000
6432655,204,161,0.5589
13249829,0,365,0.0000
4900659,308,57,0.8438
7928656,0,365,0.0000
9386847,0,365,0.0000
6444148,302,63,0.8274
10311094,333,32,0.9123
9596153,0,365,0.0000
14025410,0,365,0.0000
3377871,249,116,0.6822
59776,365,0,1.0000
6488924,365,0,1.0000
9232355,333,32,0.9123
11202183,118,247,0.3233
4718577,323,42,0.8849
12648403,305,60,0.8356
13778731,6,359,0.0164
2126053,164,201,0.4493
5690640,0,365,0.0000
2823378,334,31,0.9151
13810937,0,365,0.0000
7633883,279,86,0.7644
8732121,337,28,0.9233
2423613,0,365,0.0000
13728510,332,33,0.9096
12493396,0,365,0.0000
8052494,0,365,0.0000
7092874,0,365,0.0000
13433475,343,22,0.9397
2947662,91,274,0.2493
7911936,284,81,0.7781
2754975,254,111,0.6959
13521992,340,25,0.9315
13138055,298,67,0.8164
7713815,327,38,0.8959
8747720,0,365,0.0000
4995033,16,349,0.0438
9107357,78,287,0.2137
5064995,59,306,0.1616
6600417,0,365,0.0000
10434883,155,210,0.4247
13121821,86,279,0.2356
9844242,92,273,0.2521
13295184,47,318,0.1288
6763785,249,116,0.6822
586994,298,67,0.8164
915272,305,60,0.8356
3520353,316,49,0.8658
4978467,0,365,0.0000
14742722,152,213,0.4164
7614517,245,120,0.6712
12356,273,92,0.7479
12726343,145,220,0.3973
4632511,293,72,0.8027
8384444,19,346,0.0521
6778788,0,365,0.0000
2682662,330,35,0.9041
14035936,343,22,0.9397
10611598,0,365,0.0000
8090623,353,12,0.9671
13300621,48,317,0.1315
14873017,71,294,0.1945
8614167,75,290,0.2055
14758045,270,95,0.7397
11120777,322,43,0.8822
9235198,8,357,0.0219
6908672,0,365,0.0000
13101775,0,365,0.0000
5959251,66,299,0.1808
14872018,110,255,0.3014
10857914,245,120,0.6712
12365159,0,365,0.0000
13331733,47,318,0.1288
8662258,314,51,0.8603
7531700,286,79,0.7836
13797236,0,365,0.0000
2862120,19,346,0.0521
6089196,244,121,0.6685
13658522,0,365,0.0000
4532603,298,67,0.8164
9169272,0,365,0.0000
6400348,0,365,0.0000
1648950,30,335,0.0822
13788865,13,352,0.0356
9857049,155,210,0.4247
14673441,0,365,0.0000
11906382,0,365,0.0000
5743939,50,315,0.1370
3432321,5,360,0.0137
4546333,74,291,0.2027
9464030,0,365,0.0000
7514024,319,46,0.8740
13330146,28,337,0.0767
10379031,99,266,0.2712
5725804,259,106,0.7096
4644455,0,365,0.0000
9133627,311,54,0.8521
13524454,0,365,0.0000
7527864,125,240,0.3425
3351728,90,275,0.2466
6677640,44,321,0.1205
6480967,0,365,0.0000
1827762,14,351,0.0384
7854872,337,28,0.9233
10855052,0,365,0.0000
13591091,331,34,0.9068
4635390,14,351,0.0384
1745339,36,329,0.0986
7514336,312,53,0.8548
7874552,347,18,0.9507
3673104,56,309,0.1534
8450098,343,22,0.9397
6742905,294,71,0.8055
697078,277,88,0.7589
9755993,0,365,0.0000
3890373,271,94,0.7425
3873776,364,1,0.9973
14798673,270,95,0.7397
13294558,41,324,0.1123
13376457,0,365,0.0000
12210223,10,355,0.0274
12738816,217,148,0.5945
6776075,0,365,0.0000
5709298,316,49,0.8658
6445917,3,362,0.0082
2776143,280,85,0.7671
23619,252,113,0.6904
7920759,0,365,0.0000
10164810,354,11,0.9699
14572100,20,345,0.0548
11016623,88,277,0.2411
8428052,0,365,0.0000
14374965,43,322,0.1178
7527149,323,42,0.8849
7329849,0,365,0.0000
3069104,17,348,0.0466
1529393,365,0,1.0000
7918592,275,90,0.7534
9248612,5,360,0.0137
54944,326,39,0.8932
7837202,312,53,0.8548
5445126,0,365,0.0000
2216767,293,72,0.8027
14586440,324,41,0.8877
250345,313,52,0.8575
5690424,301,64,0.8247
14700046,311,54,0.8521
4461613,276,89,0.7562
6410674,67,298,0.1836
6066455,331,34,0.9068
13307513,0,365,0.0000
8704161,305,60,0.8356
10653150,284,81,0.7781
4787359,86,279,0.2356
3050565,279,86,0.7644
13306811,7,358,0.0192
7553969,1,364,0.0027
11701611,18,347,0.0493
7244031,0,365,0.0000
4032756,48,317,0.1315
9078998,0,365,0.0000
6326257,340,25,0.9315
3377100,286,79,0.7836
11306586,298,67,0.8164
7342359,0,365,0.0000
7996844,334,31,0.9151
14124430,350,15,0.9589
8471852,271,94,0.7425
12143408,323,42,0.8849
8782592,18,347,0.0493
10470115,340,25,0.9315
7635616,309,56,0.8466
1886037,0,365,0.0000
11343485,2,363,0.0055
8537786,365,0,1.0000
9273978,340,25,0.9315
14407094,335,30,0.9178
14857569,110,255,0.3014
9273395,317,48,0.8685
10945774,351,14,0.9616
13993185,136,229,0.3726
9274587,313,52,0.8575
6554785,138,227,0.3781
2998554,4,361,0.0110
4359160,291,74,0.7973
3392423,266,99,0.7288
14074739,25,340,0.0685
4489490,73,292,0.2000
508017,298,67,0.8164
8170181,273,92,0.7479
3068453,299,66,0.8192
9934771,0,365,0.0000
2821825,364,1,0.9973
21891,364,1,0.9973
13686161,116,249,0.3178
4759640,0,365,0.0000
4021522,364,1,0.9973
9905304,339,26,0.9288
3182652,0,365,0.0000
10742655,365,0,1.0000
13926201,0,365,0.0000
3653207,175,190,0.4795
7240775,309,56,0.8466
14421910,363,2,0.9945
11357756,364,1,0.9973
12211821,323,42,0.8849
2747654,305,60,0.8356
13081090,76,289,0.2082
13216268,13,352,0.0356
7838961,364,1,0.9973
1240598,303,62,0.8301
8799256,36,329,0.0986
4924009,299,66,0.8192
12069214,309,56,0.8466
497810,236,129,0.6466
12365454,291,74,0.7973
9299923,1,364,0.0027
12898806,160,570,0.2192
14335782,339,26,0.9288
6741968,291,74,0.7973
4275846,316,49,0.8658
13926017,245,120,0.6712
8814532,361,4,0.9890
11336922,0,365,0.0000
14236787,8,357,0.0219
14760955,334,31,0.9151
8420956,34,331,0.0932
8814105,350,15,0.9589
14122467,0,365,0.0000
10730,94,271,0.2575
9796309,0,365,0.0000
14351036,54,311,0.1479
14679817,340,25,0.9315
8325477,307,58,0.8411
9680953,4,361,0.0110
10549219,0,365,0.0000
13793578,34,331,0.0932
12383703,175,190,0.4795
5649821,363,2,0.9945
5371687,299,66,0.8192
8814215,360,5,0.9863
12563549,88,277,0.2411
2715779,0,365,0.0000
13152370,119,246,0.3260
12382239,0,365,0.0000
60356,82,283,0.2247
1340290,365,0,1.0000
11842312,100,265,0.2740
4977034,319,46,0.8740
4075898,66,299,0.1808
8696200,0,365,0.0000
8302844,8,357,0.0219
9709597,8,357,0.0219
8432166,0,365,0.0000
8792552,0,365,0.0000
12087989,312,53,0.8548
2547129,138,227,0.3781
4190704,324,41,0.8877
7728499,324,41,0.8877
12541136,36,329,0.0986
13652746,168,197,0.4603
8563141,127,238,0.3479
6924700,66,299,0.1808
6596242,39,326,0.1068
7054912,0,365,0.0000
665035,364,1,0.9973
10116914,172,193,0.4712
9218288,0,365,0.0000
12232615,0,365,0.0000
12363660,354,11,0.9699
13723404,79,286,0.2164
11069156,0,365,0.0000
9707238,0,365,0.0000
14574734,77,288,0.2110
14754902,2,363,0.0055
10117803,179,186,0.4904
8792,248,117,0.6795
10295349,360,5,0.9863
13836832,0,365,0.0000
14897219,349,16,0.9562
14760973,353,12,0.9671
9922595,175,190,0.4795
14870557,9,356,0.0247
12902509,0,365,0.0000
11983535,176,189,0.4822
10117122,175,190,0.4795
14760739,337,28,0.9233
2547075,331,34,0.9068
2776391,304,61,0.8329
891953,151,214,0.4137
3414993,0,365,0.0000
973695,365,0,1.0000
2481019,311,54,0.8521
8837755,0,365,0.0000
6134867,306,59,0.8384
11885653,0,365,0.0000
10705351,18,347,0.0493
6936712,285,80,0.7808
13113748,0,365,0.0000
14653823,249,116,0.6822
1873046,308,57,0.8438
12752020,238,127,0.6521
218259,364,1,0.9973
5953696,13,352,0.0356
6181758,203,162,0.5562
5215982,31,334,0.0849
38579,364,1,0.9973
4118162,70,295,0.1918
6887053,17,348,0.0466
4303606,325,40,0.8904
9770560,0,365,0.0000
13669224,0,365,0.0000
70481,259,106,0.7096
14897997,13,352,0.0356
4510513,54,311,0.1479
8327907,327,38,0.8959
11440702,0,365,0.0000
11866651,133,232,0.3644
14110129,341,24,0.9342
13980127,0,365,0.0000
6181230,340,25,0.9315
1596470,315,50,0.8630
8097903,309,56,0.8466
14421841,362,3,0.9918
4574921,296,69,0.8110
14421692,365,0,1.0000
13078148,59,306,0.1616
1248870,310,55,0.8493
9425087,6,359,0.0164
13275308,325,40,0.8904
13225005,330,35,0.9041
2821921,309,56,0.8466
14421403,365,0,1.0000
8441187,59,306,0.1616
14421304,365,0,1.0000
10881600,341,24,0.9342
14043390,154,211,0.4219
14420163,359,6,0.9836
13812075,134,231,0.3671
6993585,0,365,0.0000
14419982,350,15,0.9589
9530285,361,4,0.9890
6686224,99,266,0.2712
14419482,360,5,0.9863
13912429,22,343,0.0603
2410846,329,36,0.9014
12830117,3,362,0.0082
2573685,296,69,0.8110
7832890,308,57,0.8438
13730500,23,342,0.0630
14303099,313,52,0.8575
9111413,322,43,0.8822
11061030,0,365,0.0000
12987348,278,87,0.7616
8340072,137,228,0.3753
1966195,38,327,0.1041
12815192,4,361,0.0110
7914359,305,60,0.8356
820073,337,28,0.9233
8389735,0,365,0.0000
4489588,248,117,0.6795
1868124,83,282,0.2274
13027627,25,340,0.0685
67946,364,1,0.9973
52423,364,1,0.9973
54215,364,1,0.9973
54487,364,1,0.9973
7414930,365,0,1.0000
25142,364,1,0.9973
9364092,65,300,0.1781
8152796,0,365,0.0000
6451456,0,365,0.0000
8955473,365,0,1.0000
8187052,179,186,0.4904
14852273,0,365,0.0000
9127677,243,122,0.6658
14608495,324,41,0.8877
8925974,365,0,1.0000
8552387,0,365,0.0000
14660851,15,350,0.0411
7211531,149,216,0.4082
6923446,276,89,0.7562
39116,251,114,0.6877
3992208,283,82,0.7753
4577188,359,6,0.9836
14682588,145,220,0.3973
14418593,159,206,0.4356
3985462,315,50,0.8630
14486237,70,295,0.1918
14469894,128,237,0.3507
13434817,31,334,0.0849
14274311,80,285,0.2192
14221294,0,365,0.0000
1867754,148,217,0.4055
14368660,359,6,0.9836
9125711,0,365,0.0000
1695275,226,139,0.6192
11592154,0,365,0.0000
14073235,47,318,0.1288
2915595,106,259,0.2904
8249201,0,365,0.0000
5684346,0,365,0.0000
2243499,207,158,0.5671
6356533,65,300,0.1781
10231714,0,365,0.0000
9452993,164,201,0.4493
7650016,277,88,0.7589
8141545,208,157,0.5699
6240901,306,59,0.8384
13073078,0,365,0.0000
6568621,67,298,0.1836
3914363,148,217,0.4055
12630619,114,251,0.3123
6453686,191,174,0.5233
3783090,77,288,0.2110
12826881,3,362,0.0082
6027467,179,186,0.4904
14252020,0,365,0.0000
14825159,300,65,0.8219
1242798,0,365,0.0000
14595735,35,330,0.0959
13863190,77,288,0.2110
5125723,309,56,0.8466
9041513,148,217,0.4055
9845039,0,365,0.0000
10995976,300,65,0.8219
12154150,0,365,0.0000
12973308,153,212,0.4192
12432623,248,117,0.6795
14824684,302,63,0.8274
14481328,364,1,0.9973
13547391,0,365,0.0000
13449049,0,365,0.0000
6894734,0,365,0.0000
228883,364,1,0.9973
11890768,172,193,0.4712
4812786,365,0,1.0000
6951829,208,157,0.5699
13709190,321,44,0.8795
13266833,263,102,0.7205
6516588,365,0,1.0000
11087731,0,365,0.0000
1863443,148,217,0.4055
7220216,86,279,0.2356
13544430,0,365,0.0000
12446656,248,117,0.6795
13724578,0,365,0.0000
1864705,83,282,0.2274
9941923,0,365,0.0000
4109165,145,220,0.3973
14136069,358,7,0.9808
6927063,0,365,0.0000
12972378,336,29,0.9205
7499960,60,305,0.1644
5990896,356,9,0.9753
13147585,31,334,0.0849
9040476,86,279,0.2356
13546070,340,25,0.9315
6844012,117,248,0.3205
14662927,33,332,0.0904
2174476,326,39,0.8932
9367059,0,365,0.0000
14774868,0,365,0.0000
11431331,79,286,0.2164
9130532,0,365,0.0000
13397201,34,331,0.0932
1141888,32,333,0.0877
14873137,119,246,0.3260
8165898,179,186,0.4904
8335838,179,186,0.4904
5911004,0,365,0.0000
10186477,0,365,0.0000
716512,364,1,0.9973
8187595,179,186,0.4904
4565470,86,279,0.2356
6467991,0,365,0.0000
6072693,0,365,0.0000
13298014,0,365,0.0000
9855,364,1,0.9973
14624367,20,345,0.0548
8168982,179,186,0.4904
6268395,178,187,0.4877
14360470,217,148,0.5945
6446940,0,365,0.0000
7869497,275,90,0.7534
14468407,24,341,0.0658
6790961,179,186,0.4904
12183851,308,57,0.8438
7219056,86,279,0.2356
12969783,344,21,0.9425
14823724,11,354,0.0301
9496325,318,47,0.8712
8335652,179,186,0.4904
10034930,113,252,0.3096
13082258,0,365,0.0000
10149314,173,192,0.4740
12854553,0,365,0.0000
6317304,266,99,0.7288
2663667,30,335,0.0822
13968572,9,356,0.0247
12592117,337,28,0.9233
10036192,365,0,1.0000
11985521,176,189,0.4822
11035223,248,117,0.6795
8336347,179,186,0.4904
13083058,0,365,0.0000
8085906,179,186,0.4904
14573969,36,329,0.0986
7840131,0,365,0.0000
10035581,117,248,0.3205
9793239,0,365,0.0000
12871837,364,1,0.9973
14608502,320,45,0.8767
3303497,0,365,0.0000
13018428,69,296,0.1890
14917833,361,4,0.9890
8184007,179,186,0.4904
6316145,57,308,0.1562
11788394,77,288,0.2110
13017162,122,243,0.3342
1819994,328,37,0.8986
12870514,189,176,0.5178
10036037,117,248,0.3205
4040151,86,279,0.2356
14818575,18,347,0.0493
14885592,135,230,0.3699
5086521,0,365,0.0000
10033715,117,248,0.3205
6015021,178,187,0.4877
8428314,61,304,0.1671
9329398,44,321,0.1205
11987762,176,189,0.4822
6167184,113,252,0.3096
4644069,0,365,0.0000
5659780,364,1,0.9973
12246137,179,186,0.4904
2186358,207,158,0.5671
12672097,247,118,0.6767
4479140,248,117,0.6795
7362715,0,365,0.0000
4069422,339,26,0.9288
8099266,179,186,0.4904
2872717,148,217,0.4055
8460627,356,9,0.9753
8400275,284,81,0.7781
6955911,0,365,0.0000
10048789,117,248,0.3205
11474130,161,204,0.4411
11677211,0,365,0.0000
1840255,204,161,0.5589
9393163,0,365,0.0000
8334845,179,186,0.4904
7869368,365,0,1.0000
13667826,0,365,0.0000
4559774,7,358,0.0192
9541295,77,288,0.2110
13866603,4,361,0.0110
8164953,208,157,0.5699
10229333,179,186,0.4904
13751871,23,342,0.0630
9999894,0,365,0.0000
12359181,0,365,0.0000
9770477,111,254,0.3041
7508865,179,186,0.4904
8164146,179,186,0.4904
7869167,330,35,0.9041
12899026,349,16,0.9562
4547353,0,365,0.0000
3740274,275,90,0.7534
8081935,179,186,0.4904
10228228,179,186,0.4904
9180965,365,0,1.0000
6444138,86,279,0.2356
9868322,0,365,0.0000
10228764,117,248,0.3205
10211649,184,181,0.5041
14553190,1,364,0.0027
36885,53,312,0.1452
14553171,87,278,0.2384
14799678,77,288,0.2110
10949319,216,149,0.5918
8163273,125,240,0.3425
11751289,0,365,0.0000
3903324,148,217,0.4055
13733558,250,115,0.6849
8097453,179,186,0.4904
14798497,173,192,0.4740
12652181,0,365,0.0000
8146576,175,190,0.4795
10113230,248,117,0.6795
6983246,228,137,0.6247
6409811,347,18,0.9507
13078025,155,210,0.4247
180914,364,1,0.9973
951480,364,1,0.9973
4181163,86,279,0.2356
8670336,110,255,0.3014
14109809,77,288,0.2110
7573274,168,197,0.4603
2214923,86,279,0.2356
11799482,0,365,0.0000
8063870,148,217,0.4055
8162168,179,186,0.4904
8063815,167,198,0.4575
6425405,0,365,0.0000
12208806,365,0,1.0000
8391298,0,365,0.0000
6324649,307,58,0.8411
8145397,179,186,0.4904
8325366,172,193,0.4712
13076586,0,365,0.0000
11634778,49,316,0.1342
13994056,59,306,0.1616
8439372,67,298,0.1836
14485048,349,16,0.9562
12962229,0,365,0.0000
8325544,179,186,0.4904
14595823,338,27,0.9260
11454728,124,241,0.3397
7325063,245,120,0.6712
13714817,300,65,0.8219
11240774,0,365,0.0000
14369574,309,56,0.8466
5259996,152,213,0.4164
14647971,142,223,0.3890
13435185,15,350,0.0411
3278624,86,279,0.2356
11454147,150,215,0.4110
5834413,179,186,0.4904
10995355,36,329,0.0986
1835533,0,365,0.0000
14533117,55,310,0.1507
12796034,0,365,0.0000
11583581,261,104,0.7151
6793913,208,157,0.5699
5308475,37,328,0.1014
13079902,0,365,0.0000
8325030,179,186,0.4904
2016500,0,365,0.0000
951476,360,5,0.9863
951473,364,1,0.9973
10552485,248,117,0.6795
12247217,179,186,0.4904
4916260,110,255,0.3014
11990528,0,365,0.0000
10552237,304,61,0.8329
2360109,354,11,0.9699
9448243,75,290,0.2055
3309941,83,282,0.2274
12828996,0,365,0.0000
196806,359,6,0.9836
3589267,343,22,0.9397
12184433,365,0,1.0000
13824970,334,31,0.9151
1815326,335,30,0.9178
3601424,330,35,0.9041
7741566,134,231,0.3671
13375092,0,365,0.0000
5739119,30,335,0.0822
3012529,36,329,0.0986
5295491,365,0,1.0000
13993626,0,365,0.0000
13642405,0,365,0.0000
8388481,61,304,0.1671
14057189,351,14,0.9616
5406448,365,0,1.0000
10747524,276,89,0.7562
12254831,0,365,0.0000
14646704,45,320,0.1233
14614422,158,207,0.4329
8338792,0,365,0.0000
2555771,333,32,0.9123
9953144,364,1,0.9973
4291607,0,365,0.0000
11418599,309,56,0.8466
13584884,9,356,0.0247
12811191,359,6,0.9836
6716872,0,365,0.0000
8224214,332,33,0.9096
10594800,304,61,0.8329
7420789,344,21,0.9425
8303748,0,365,0.0000
10009367,0,365,0.0000
13564587,158,207,0.4329
8780440,324,41,0.8877
13056513,142,223,0.3890
7403927,340,25,0.9315
12761363,0,365,0.0000
14760011,364,1,0.9973
3668038,90,275,0.2466
5447285,0,365,0.0000
11220522,0,365,0.0000
6551454,0,365,0.0000
11760822,324,41,0.8877
2061478,300,65,0.8219
5959740,0,365,0.0000
9723217,6,359,0.0164
8482847,324,41,0.8877
8515356,58,307,0.1589
13478868,364,1,0.9973
13642655,0,365,0.0000
9989001,0,365,0.0000
8336388,0,365,0.0000
1110423,293,72,0.8027
3060038,356,9,0.9753
1912940,252,113,0.6904
6646604,272,93,0.7452
12339410,84,281,0.2301
12856007,309,56,0.8466
13347495,0,365,0.0000
9256035,141,224,0.3863
13642260,0,365,0.0000
13577929,0,365,0.0000
716245,248,117,0.6795
4369675,0,365,0.0000
10333345,344,21,0.9425
1961034,0,365,0.0000
14707780,157,208,0.4301
8404805,365,0,1.0000
14250499,0,365,0.0000
8417742,129,236,0.3534
12873438,276,89,0.7562
6449549,0,365,0.0000
12052820,351,14,0.9616
76073,290,75,0.7945
13624929,251,114,0.6877
583255,248,117,0.6795
14460344,0,365,0.0000
6954861,53,312,0.1452
8789821,85,280,0.2329
7511838,124,241,0.3397
13264687,0,365,0.0000
11757251,0,365,0.0000
8518237,141,224,0.3863
8461819,285,80,0.7808
466361,1,364,0.0027
2227959,36,329,0.0986
9250014,44,321,0.1205
4662379,297,68,0.8137
2729015,97,268,0.2658
3318814,37,328,0.1014
7840752,16,349,0.0438
11494020,303,62,0.8301
8626752,0,365,0.0000
4628907,248,117,0.6795
11067772,324,41,0.8877
13674701,4,361,0.0110
13265095,1,364,0.0027
11921486,365,0,1.0000
14754108,10,355,0.0274
7509273,65,300,0.1781
1171578,350,15,0.9589
1937433,0,365,0.0000
7921649,49,316,0.1342
13656969,310,55,0.8493
7054058,3,362,0.0082
12739300,340,25,0.9315
7692933,325,40,0.8904
9461126,0,365,0.0000
14780153,350,15,0.9589
10607657,347,18,0.9507
11688611,0,365,0.0000
7805515,131,234,0.3589
14834257,311,54,0.8521
11147761,237,128,0.6493
4652263,213,152,0.5836
13960193,0,365,0.0000
8378257,347,18,0.9507
14473036,0,365,0.0000
7476671,245,120,0.6712
2943893,0,365,0.0000
7529525,364,1,0.9973
9255725,63,302,0.1726
9410831,0,365,0.0000
13490438,365,0,1.0000
9114896,298,67,0.8164
1185034,297,68,0.8137
8934599,160,205,0.4384
1545185,337,28,0.9233
13333256,0,365,0.0000
12709469,0,365,0.0000
13800294,0,365,0.0000
13031523,0,365,0.0000
8983081,178,187,0.4877
3412990,291,74,0.7973
14864858,359,6,0.9836
217498,301,64,0.8247
8753559,67,298,0.1836
13111691,56,309,0.1534
7721323,248,117,0.6795
12833084,0,365,0.0000
11035352,365,0,1.0000
13684319,230,135,0.6301
7310887,301,64,0.8247
2526773,272,93,0.7452
3181719,318,47,0.8712
14770708,364,1,0.9973
8014950,0,365,0.0000
6119918,365,0,1.0000
6343532,319,46,0.8740
14322546,344,21,0.9425
13192046,35,330,0.0959
4410765,183,182,0.5014
5606682,331,34,0.9068
2014882,309,56,0.8466
11717217,0,365,0.0000
10226171,0,365,0.0000
7735518,173,192,0.4740
14912536,83,282,0.2274
9685102,327,38,0.8959
11569156,0,365,0.0000
4556374,365,0,1.0000
7308811,0,365,0.0000
14698794,356,9,0.9753
4737304,258,107,0.7068
9896713,290,75,0.7945
10835494,315,50,0.8630
6865619,0,365,0.0000
3457722,0,365,0.0000
1327725,293,72,0.8027
3606396,0,365,0.0000
13222465,155,210,0.4247
4456987,359,6,0.9836
4489752,316,49,0.8658
13156872,0,365,0.0000
13374823,11,354,0.0301
1523772,365,0,1.0000
14500012,34,331,0.0932
2294730,248,117,0.6795
8962914,335,30,0.9178
5784404,83,282,0.2274
4670285,252,113,0.6904
13960293,72,293,0.1973
14402688,66,299,0.1808
295285,287,78,0.7863
11441717,279,86,0.7644
962610,328,37,0.8986
14767573,364,1,0.9973
5270703,0,365,0.0000
14303090,300,65,0.8219
3521944,0,365,0.0000
1161210,340,25,0.9315
14878512,342,23,0.9370
12708781,343,22,0.9397
11662212,215,150,0.5890
14692682,52,313,0.1425
13938959,58,307,0.1589
8265182,347,18,0.9507
601763,300,65,0.8219
13266176,345,20,0.9452
10185866,0,365,0.0000
4698367,16,349,0.0438
7513906,312,53,0.8548
13028899,326,39,0.8932
13491626,0,365,0.0000
4530670,356,9,0.9753
6300089,337,28,0.9233
9926796,365,0,1.0000
9301075,44,321,0.1205
13261681,335,30,0.9178
13015767,327,38,0.8959
7854569,0,365,0.0000
10279083,340,25,0.9315
9607296,364,1,0.9973
6706463,363,2,0.9945
14685903,360,5,0.9863
14159799,358,7,0.9808
8720673,364,1,0.9973
1757417,44,321,0.1205
10964552,68,297,0.1863
13487348,80,285,0.2192
14552489,328,37,0.8986
6261296,341,24,0.9342
12618291,346,19,0.9479
14677678,17,348,0.0466
9340410,42,323,0.1151
9292118,25,340,0.0685
164418,160,205,0.4384
7275018,0,365,0.0000
4180178,279,86,0.7644
11626869,355,10,0.9726
13827734,49,316,0.1342
1391492,318,47,0.8712
9550398,0,365,0.0000
10127270,365,0,1.0000
13907143,0,365,0.0000
6401859,46,319,0.1260
4698487,0,365,0.0000
14593751,32,333,0.0877
6613472,364,1,0.9973
3974503,309,56,0.8466
7497047,257,108,0.7041
7185881,343,22,0.9397
8645254,311,54,0.8521
14719754,358,7,0.9808
13296735,357,8,0.9781
11983286,131,234,0.3589
9607385,67,298,0.1836
6131224,129,236,0.3534
7840411,0,365,0.0000
5344465,88,277,0.2411
7900936,312,53,0.8548
13275334,9,356,0.0247
7441144,64,301,0.1753
8490356,349,16,0.9562
2886933,34,331,0.0932
3164650,249,116,0.6822
4699828,127,238,0.3479
13697676,69,296,0.1890
14778561,361,4,0.9890
14272646,356,9,0.9753
890705,299,66,0.8192
1173306,248,117,0.6795
8133752,362,3,0.9918
4828640,177,188,0.4849
2931870,356,9,0.9753
2931271,336,29,0.9205
2931165,336,29,0.9205
10381729,256,109,0.7014
9826706,0,365,0.0000
14086516,364,1,0.9973
4483906,365,0,1.0000
8761060,365,0,1.0000
6006328,332,33,0.9096
8904546,353,12,0.9671
12492474,207,158,0.5671
8904297,357,8,0.9781
2529318,148,217,0.4055
14686119,340,25,0.9315
3839678,88,277,0.2411
14242888,361,4,0.9890
2278704,343,22,0.9397
14663819,44,321,0.1205
14664852,309,56,0.8466
9047646,0,365,0.0000
2515870,5,360,0.0137
12904318,360,5,0.9863
7106162,0,365,0.0000
10234895,331,34,0.9068
177129,261,104,0.7151
3522237,365,0,1.0000
14691657,315,50,0.8630
12971329,325,40,0.8904
1510876,285,80,0.7808
5729203,365,0,1.0000
13565183,257,108,0.7041
570493,81,284,0.2219
737519,341,24,0.9342
14092792,168,197,0.4603
6005290,192,173,0.5260
7389719,54,311,0.1479
13928082,80,285,0.2192
1391215,342,23,0.9370
2794782,324,41,0.8877
6763587,365,0,1.0000
2764624,352,13,0.9644
14928000,365,0,1.0000
5891012,340,25,0.9315
6160803,309,56,0.8466
11410652,9,356,0.0247
77691,361,4,0.9890
6014737,363,2,0.9945
179245,347,18,0.9507
1732804,347,18,0.9507
11376403,228,137,0.6247
3788075,318,47,0.8712
14682145,361,4,0.9890
14747561,334,31,0.9151
14826101,341,24,0.9342
8899828,88,277,0.2411
7356415,0,365,0.0000
10764250,65,300,0.1781
7274342,0,365,0.0000
1179399,201,164,0.5507
4177233,42,323,0.1151
11992431,350,15,0.9589
31796,318,47,0.8712
9352045,0,365,0.0000
179244,348,17,0.9534
1128894,322,43,0.8822
13565471,262,103,0.7178
14056340,83,282,0.2274
13564762,256,109,0.7014
9894686,249,116,0.6822
1178371,146,219,0.4000
14809866,0,365,0.0000
9239190,352,13,0.9644
3193484,340,25,0.9315
47521,313,52,0.8575
12593225,347,18,0.9507
8518091,0,365,0.0000
3389896,0,365,0.0000
3094942,0,365,0.0000
13318312,0,365,0.0000
8700820,336,29,0.9205
1472520,277,88,0.7589
1472481,277,88,0.7589
1112067,345,20,0.9452
5584915,6,359,0.0164
14756184,345,20,0.9452
14710769,364,1,0.9973
7927765,340,25,0.9315
5862806,31,334,0.0849
8566407,19,346,0.0521
13564281,0,365,0.0000
13007181,248,117,0.6795
14461747,345,20,0.9452
4879579,91,274,0.2493
14219033,155,210,0.4247
5371051,154,211,0.4219
1881180,318,47,0.8712
7222349,337,28,0.9233
11569331,248,117,0.6795
3765289,361,4,0.9890
6523777,345,20,0.9452
7239024,338,27,0.9260
12103501,335,30,0.9178
5991427,363,2,0.9945
11964926,331,34,0.9068
11021254,176,189,0.4822
10185646,309,56,0.8466
12366845,0,365,0.0000
13622776,74,291,0.2027
13546414,350,15,0.9589
11389072,309,56,0.8466
13415232,125,240,0.3425
536865,299,66,0.8192
1454258,326,39,0.8932
7842550,106,259,0.2904
1321422,270,95,0.7397
13578911,0,365,0.0000
3765014,319,46,0.8740
12857981,358,7,0.9808
4484747,340,25,0.9315
4967219,234,131,0.6411
13168176,101,264,0.2767
13955674,353,12,0.9671
4173285,310,55,0.8493
5844314,40,325,0.1096
14740708,11,354,0.0301
13266133,327,38,0.8959
13151270,365,0,1.0000
8956962,365,0,1.0000
9415687,0,365,0.0000
9685076,333,32,0.9123
4484798,362,3,0.9918
12593655,341,24,0.9342
7006683,243,122,0.6658
3303860,353,12,0.9671
13613812,336,29,0.9205
4695542,236,129,0.6466
3344639,67,298,0.1836
10610205,151,214,0.4137
3057116,358,7,0.9808
7939556,365,0,1.0000
7693354,311,54,0.8521
91588,358,7,0.9808
9887664,0,365,0.0000
13655923,96,269,0.2630
57156,248,117,0.6795
12020004,279,86,0.7644
6574771,34,331,0.0932
9332643,0,365,0.0000
7934491,365,0,1.0000
13281106,65,300,0.1781
12052292,305,60,0.8356
1112193,323,42,0.8849
9494212,348,17,0.9534
6626933,301,64,0.8247
11853416,336,29,0.9205
9493951,337,28,0.9233
10034592,361,4,0.9890
205894,351,14,0.9616
4875342,248,117,0.6795
1352776,72,293,0.1973
13509665,311,54,0.8521
12125635,299,66,0.8192
4793787,340,25,0.9315
13417233,251,114,0.6877
13574652,0,365,0.0000
10559976,330,35,0.9041
2811937,335,30,0.9178
9279773,86,279,0.2356
7725279,281,84,0.7699
3678429,356,9,0.9753
12109171,322,43,0.8822
6627469,172,193,0.4712
14671948,0,365,0.0000
9494511,349,16,0.9562
7449448,347,18,0.9507
14918425,342,23,0.9370
533152,306,59,0.8384
3415434,356,9,0.9753
4431210,356,9,0.9753
826706,256,109,0.7014
3628320,274,91,0.7507
14900236,364,1,0.9973
14127153,341,24,0.9342
10068240,355,10,0.9726
13098572,364,1,0.9973
400067,248,117,0.6795
3250847,332,33,0.9096
530983,17,348,0.0466
4447430,279,86,0.7644
531552,322,43,0.8822
13313124,117,248,0.3205
14539326,344,21,0.9425
11759332,340,25,0.9315
3250739,365,0,1.0000
14632821,347,18,0.9507
6887926,334,31,0.9151
2000797,329,36,0.9014
579605,326,39,0.8932
11966297,7,358,0.0192
6870485,248,117,0.6795
4216208,136,229,0.3726
3052935,338,27,0.9260
8886703,346,19,0.9479
9685085,353,12,0.9671
12343588,277,88,0.7589
3945704,307,58,0.8411
12657537,360,5,0.9863
13767907,0,365,0.0000
9383459,160,205,0.4384
14822087,353,12,0.9671
13374617,256,109,0.7014
4527029,359,6,0.9836
14093943,78,287,0.2137
7476936,0,365,0.0000
1332786,183,182,0.5014
4350898,342,23,0.9370
14040282,171,194,0.4685
3953472,19,346,0.0521
18711,337,28,0.9233
1544702,269,96,0.7370
315982,132,233,0.3616
561769,38,327,0.1041
12344014,0,365,0.0000
7071883,86,279,0.2356
4494419,311,54,0.8521
3166256,285,80,0.7808
13242393,340,25,0.9315
2871079,248,117,0.6795
13979354,357,8,0.9781
10268223,248,117,0.6795
3641545,0,365,0.0000
839265,321,44,0.8795
232990,291,74,0.7973
1584362,258,107,0.7068
4503393,365,0,1.0000
1821633,327,38,0.8959
4934600,315,50,0.8630
3394437,207,158,0.5671
533114,313,52,0.8575
7367795,3,362,0.0082
8523157,258,107,0.7068
12586305,364,1,0.9973
12175961,305,60,0.8356
6965516,108,257,0.2959
6655012,361,4,0.9890
12126299,315,50,0.8630
5048406,248,117,0.6795
3311675,341,24,0.9342
1262443,276,89,0.7562
8161218,365,0,1.0000
13325983,0,365,0.0000
3294775,275,90,0.7534
8947232,347,18,0.9507
13714934,0,365,0.0000
13687764,0,365,0.0000
3946215,320,45,0.8767
13699440,42,323,0.1151
7246272,138,227,0.3781
6014302,363,2,0.9945
13927765,329,36,0.9014
200265,336,29,0.9205
7292184,68,297,0.1863
13443949,325,40,0.8904
14647962,169,196,0.4630
8587030,330,35,0.9041
3589869,93,272,0.2548
377474,261,104,0.7151
13236936,325,40,0.8904
3539510,224,141,0.6137
213086,259,106,0.7096
8536113,5,360,0.0137
11584799,124,241,0.3397
771309,217,148,0.5945
8291550,40,325,0.1096
1944976,0,365,0.0000
11258721,301,64,0.8247
3294152,329,36,0.9014
8717204,170,195,0.4658
13239143,73,292,0.2000
13861258,0,365,0.0000
8536127,353,12,0.9671
14565726,0,365,0.0000
14600925,313,52,0.8575
6881541,342,23,0.9370
3344322,336,29,0.9205
7454966,359,6,0.9836
12593869,281,84,0.7699
10426124,130,235,0.3562
14389002,359,6,0.9836
10053549,117,248,0.3205
10138792,203,162,0.5562
10905777,0,365,0.0000
14468656,26,339,0.0712
14553530,311,54,0.8521
7225201,364,1,0.9973
13514017,306,59,0.8384
11648688,359,6,0.9836
13450880,56,309,0.1534
6798777,297,68,0.8137
14843783,5,360,0.0137
13221129,179,186,0.4904
10051357,117,248,0.3205
10050351,176,189,0.4822
12287687,179,186,0.4904
5191658,241,124,0.6603
14711125,27,338,0.0740
8271384,319,46,0.8740
12679021,0,365,0.0000
10053928,117,248,0.3205
12072006,0,365,0.0000
4435883,1,364,0.0027
13298546,3,362,0.0082
13218729,179,186,0.4904
11563716,72,293,0.1973
6598203,0,365,0.0000
6843850,353,12,0.9671
2649521,249,116,0.6822
14774811,344,21,0.9425
10054046,114,251,0.3123
13510994,1,364,0.0027
9218362,267,98,0.7315
10053235,117,248,0.3205
8595227,0,365,0.0000
6006121,278,87,0.7616
10053032,113,252,0.3096
10053454,117,248,0.3205
10052824,108,257,0.2959
10052622,117,248,0.3205
10592815,0,365,0.0000
2564544,333,32,0.9123
10052920,117,248,0.3205
2384107,5,360,0.0137
13951039,14,351,0.0384
10051623,117,248,0.3205
12984263,145,220,0.3973
14158636,19,346,0.0521
10052445,111,254,0.3041
7134081,337,28,0.9233
11087657,75,290,0.2055
6609546,336,29,0.9205
12639344,362,3,0.9918
12047758,365,0,1.0000
8131907,24,341,0.0658
10475848,166,199,0.4548
7461091,0,365,0.0000
5952474,305,60,0.8356
1644031,56,309,0.1534
8366402,19,346,0.0521
14291722,32,333,0.0877
11735784,136,229,0.3726
12309083,283,82,0.7753
11275661,144,221,0.3945
10850420,97,268,0.2658
13602808,55,310,0.1507
7982359,0,365,0.0000
3363097,333,32,0.9123
11276570,141,224,0.3863
14519844,359,6,0.9836
11734812,137,228,0.3753
11572070,364,1,0.9973
14387692,55,310,0.1507
13813809,356,9,0.9753
11863590,356,9,0.9753
13814175,337,28,0.9233
13813149,0,365,0.0000
13746896,42,323,0.1151
13911832,62,303,0.1699
13942919,279,86,0.7644
7929879,348,17,0.9534
13713713,4,361,0.0110
11649321,360,5,0.9863
11592067,0,365,0.0000
7853971,330,35,0.9041
11970702,357,8,0.9781
14873100,313,52,0.8575
6544642,26,339,0.0712
7988755,298,67,0.8164
4996375,87,278,0.2384
11492423,326,39,0.8932
4586590,71,294,0.1945
12581300,0,365,0.0000
6489209,199,166,0.5452
11986653,71,294,0.1945
6088708,59,306,0.1616
6151079,79,286,0.2164
5511924,352,13,0.9644
14843050,289,76,0.7918
13532311,160,205,0.4384
5078127,354,11,0.9699
8274008,331,34,0.9068
13188046,0,365,0.0000
11787441,300,65,0.8219
4947526,101,264,0.2767
11714059,288,77,0.7890
8649257,178,187,0.4877
13294824,22,343,0.0603
6296656,336,29,0.9205
11008495,143,222,0.3918
14842237,210,155,0.5753
13924495,312,53,0.8548
4585452,0,365,0.0000
6911945,2,363,0.0055
14186170,333,32,0.9123
4699742,360,5,0.9863
13415984,7,358,0.0192
3585343,314,51,0.8603
8828147,363,2,0.9945
1340649,355,10,0.9726
6629066,331,34,0.9068
12515067,0,365,0.0000
11757376,299,66,0.8192
4863101,314,51,0.8603
9237653,262,103,0.7178
4863108,305,60,0.8356
13333623,0,365,0.0000
4928894,73,292,0.2000
10103725,7,358,0.0192
6565713,302,63,0.8274
14151531,64,301,0.1753
13282275,0,365,0.0000
4287348,61,304,0.1671
994138,293,72,0.8027
4287366,0,365,0.0000
7713728,272,93,0.7452
160572,248,117,0.6795
14693220,6,359,0.0164
5026613,0,365,0.0000
5927267,343,22,0.9397
14884243,346,19,0.9479
7746589,332,33,0.9096
8596320,200,165,0.5479
13855525,30,335,0.0822
13113079,68,297,0.1863
11020786,0,365,0.0000
12545716,76,289,0.2082
3792147,357,8,0.9781
7745117,2,363,0.0055
4287989,0,365,0.0000
8055839,0,365,0.0000
4090224,245,120,0.6712
11757166,295,70,0.8082
6317446,331,34,0.9068
7841193,0,365,0.0000
14591406,129,236,0.3534
11740527,64,301,0.1753
8052617,325,40,0.8904
13642024,33,332,0.0904
13477535,359,6,0.9836
13969106,62,303,0.1699
6317722,331,34,0.9068
13672165,0,365,0.0000
6796364,34,331,0.0932
12803718,299,66,0.8192
14868087,53,312,0.1452
6672582,0,365,0.0000
5727231,309,56,0.8466
2843596,345,20,0.9452
10494550,254,111,0.6959
7855120,327,38,0.8959
10034183,0,365,0.0000
14870532,296,69,0.8110
5054601,312,53,0.8548
12738641,0,365,0.0000
14426124,51,314,0.1397
7611271,354,11,0.9699
9626428,3,362,0.0082
5856633,0,365,0.0000
6544715,336,29,0.9205
3415033,356,9,0.9753
5004278,251,114,0.6877
2135075,324,41,0.8877
646087,143,222,0.3918
2022303,311,54,0.8521
13190410,59,306,0.1616
13671334,318,47,0.8712
4627334,0,365,0.0000
7330494,302,63,0.8274
4151979,312,53,0.8548
7003280,319,46,0.8740
9460898,325,40,0.8904
13752754,0,365,0.0000
5380160,345,20,0.9452
2021489,355,10,0.9726
2021483,360,5,0.9863
13605196,185,180,0.5068
13555596,0,365,0.0000
257588,325,40,0.8904
13638077,345,20,0.9452
11295065,3,362,0.0082
6543678,12,353,0.0329
6347026,285,80,0.7808
12835086,281,84,0.7699
9508099,346,19,0.9479
13866156,9,356,0.0247
6640662,14,351,0.0384
14898146,137,228,0.3753
11474629,71,294,0.1945
5019306,356,9,0.9753
11474006,35,330,0.0959
13636659,344,21,0.9425
11758169,311,54,0.8521
13586841,337,28,0.9233
7836038,310,55,0.8493
6705513,345,20,0.9452
7475557,313,52,0.8575
11653496,64,301,0.1753
9507164,348,17,0.9534
1887581,335,30,0.9178
13586491,342,23,0.9370
11767622,76,289,0.2082
2412715,0,365,0.0000
13028935,0,365,0.0000
12998582,0,365,0.0000
5590505,0,365,0.0000
13864415,300,65,0.8219
2021274,343,22,0.9397
11947150,0,365,0.0000
6310903,295,70,0.8082
395975,324,41,0.8877
5999291,271,94,0.7425
4607307,0,365,0.0000
7933149,348,17,0.9534
1887507,15,350,0.0411
13864196,330,35,0.9041
5868798,0,365,0.0000
13044229,3,362,0.0082
13863117,334,31,0.9151
12208307,0,365,0.0000
13306033,56,309,0.1534
5163162,354,11,0.9699
14928333,339,26,0.9288
9013631,340,25,0.9315
5851489,355,10,0.9726
4196643,324,41,0.8877
11127085,0,365,0.0000
13550969,356,9,0.9753
8930592,83,282,0.2274
12665563,16,349,0.0438
4261784,360,5,0.9863
4261781,365,0,1.0000
10749794,143,222,0.3918
14107067,122,243,0.3342
14663743,158,207,0.4329
12534735,70,295,0.1918
5384923,304,61,0.8329
4402209,119,246,0.3260
5884210,0,365,0.0000
11818157,365,0,1.0000
2135451,213,152,0.5836
14463855,364,1,0.9973
6476613,0,365,0.0000
95453,325,40,0.8904
9926208,248,117,0.6795
3866526,119,246,0.3260
13795095,67,298,0.1836
13590412,0,365,0.0000
4106372,349,16,0.9562
8310653,0,365,0.0000
2114274,324,41,0.8877
3353,249,116,0.6822
7052171,0,365,0.0000
3677662,340,25,0.9315
2930663,263,102,0.7205
7868209,0,365,0.0000
4293597,311,54,0.8521
7283351,0,365,0.0000
1839549,144,221,0.3945
6227976,78,287,0.2137
14413896,69,296,0.1890
8112652,0,365,0.0000
6976414,264,101,0.7233
10353263,249,116,0.6822
13342372,364,1,0.9973
10253416,0,365,0.0000
8714682,0,365,0.0000
10730102,0,365,0.0000
13024208,0,365,0.0000
9109401,311,54,0.8521
8552338,3,362,0.0082
11255643,158,207,0.4329
13696794,343,22,0.9397
12628940,0,365,0.0000
11304657,0,365,0.0000
14220964,121,244,0.3315
3519768,319,46,0.8740
12270833,0,365,0.0000
9813223,121,244,0.3315
9878725,0,365,0.0000
10032327,75,290,0.2055
4909590,127,238,0.3479
14253149,337,28,0.9233
9445192,0,365,0.0000
6728273,294,71,0.8055
13450030,331,34,0.9068
5775139,0,365,0.0000
3898015,262,103,0.7178
3897995,277,88,0.7589
14416538,66,299,0.1808
14203428,121,244,0.3315
14055887,365,0,1.0000
4340110,334,31,0.9151
3701108,274,91,0.7507
13007112,0,365,0.0000
6838488,357,8,0.9781
7894645,353,12,0.9671
13801598,0,365,0.0000
10724635,0,365,0.0000
13515084,341,24,0.9342
7052847,0,365,0.0000
13530359,0,365,0.0000
13355213,364,1,0.9973
13512459,364,1,0.9973
14153636,150,215,0.4110
13879099,0,365,0.0000
14251839,337,28,0.9233
10123024,0,365,0.0000
9533193,0,365,0.0000
3897963,262,103,0.7178
14231732,214,151,0.5863
11530331,259,106,0.7096
3420221,356,9,0.9753
3901439,263,102,0.7205
13415816,340,25,0.9315
12873559,0,365,0.0000
13430656,26,339,0.0712
13578106,82,283,0.2247
5762866,0,365,0.0000
13462519,362,3,0.9918
7055184,0,365,0.0000
11512755,0,365,0.0000
6761345,0,365,0.0000
8238078,365,0,1.0000
14037899,30,335,0.0822
11022736,0,365,0.0000
10231171,272,93,0.7452
831744,345,20,0.9452
13606268,365,0,1.0000
12655758,3,362,0.0082
8579799,198,167,0.5425
8301150,0,365,0.0000
10809,43,322,0.1178
10810,43,322,0.1178
13019695,1,364,0.0027
10807,243,122,0.6658
10021398,328,37,0.8986
10758,43,322,0.1178
13381254,89,276,0.2438
4861476,349,16,0.9562
12873268,0,365,0.0000
12233830,124,241,0.3397
13592046,22,343,0.0603
13004551,1,364,0.0027
6923942,0,365,0.0000
10987109,39,326,0.1068
12592696,0,365,0.0000
14916248,350,15,0.9589
13295386,0,365,0.0000
4598026,216,149,0.5918
4351970,361,4,0.9890
14231514,365,0,1.0000
11528125,0,365,0.0000
7797744,218,147,0.5973
9496337,33,332,0.0904
4294835,4,361,0.0110
14655187,34,331,0.0932
5824015,0,365,0.0000
13822146,5,360,0.0137
13236820,138,227,0.3781
10706413,2,363,0.0055
13685207,0,365,0.0000
5661246,356,9,0.9753
7479725,20,345,0.0548
11896394,262,103,0.7178
14756029,39,326,0.1068
11036835,0,365,0.0000
13002808,32,333,0.0877
13443430,0,365,0.0000
13656292,0,365,0.0000
4710583,0,365,0.0000
12755021,0,365,0.0000
13017064,0,365,0.0000
12620315,0,365,0.0000
13345701,329,36,0.9014
5858133,0,365,0.0000
14443295,0,365,0.0000
7395978,0,365,0.0000
9834617,248,117,0.6795
12262803,0,365,0.0000
9058863,365,0,1.0000
7527677,7,358,0.0192
9110708,0,365,0.0000
8758450,18,347,0.0493
14572515,0,365,0.0000
9593141,0,365,0.0000
14484865,364,1,0.9973
9969226,0,365,0.0000
5593939,248,117,0.6795
12540640,46,319,0.1260
13327034,257,108,0.7041
14473911,114,251,0.3123
72811,355,10,0.9726
5889190,14,351,0.0384
9854083,365,0,1.0000
6823017,328,37,0.8986
13998602,154,211,0.4219
9541666,0,365,0.0000
7575576,8,357,0.0219
5085125,16,349,0.0438
12253499,67,298,0.1836
13684464,1,364,0.0027
14473564,0,365,0.0000
9885963,0,365,0.0000
13550412,0,365,0.0000
12409042,59,306,0.1616
13391054,21,344,0.0575
11343048,337,28,0.9233
14055624,365,0,1.0000
7067397,0,365,0.0000
6854357,0,365,0.0000
12752442,45,320,0.1233
12736032,2,363,0.0055
13685592,0,365,0.0000
13685577,0,365,0.0000
12997334,0,365,0.0000
12735138,0,365,0.0000
8607856,0,365,0.0000
12735111,363,2,0.9945
8034092,365,0,1.0000
4278873,297,68,0.8137
14340601,156,209,0.4274
13685228,0,365,0.0000
13275579,331,34,0.9068
13733887,329,36,0.9014
14651378,0,365,0.0000
2183117,131,234,0.3589
8310660,0,365,0.0000
13464674,250,115,0.6849
13509242,88,277,0.2411
14487262,1,364,0.0027
4526384,148,217,0.4055
14454943,345,20,0.9452
7245413,0,365,0.0000
5967421,138,227,0.3781
13782612,0,365,0.0000
3419711,298,67,0.8164
13684251,1,364,0.0027
6089975,89,276,0.2438
5870922,125,240,0.3425
7277653,69,296,0.1890
1529321,256,109,0.7014
9473811,0,365,0.0000
13126713,363,2,0.9945
13028247,51,314,0.1397
1525494,313,52,0.8575
13996398,0,365,0.0000
12176027,0,365,0.0000
14044530,0,365,0.0000
14650655,363,2,0.9945
6179374,365,0,1.0000
8751275,169,196,0.4630
8882195,111,254,0.3041
14473323,114,251,0.3123
8029788,0,365,0.0000
1902160,248,117,0.6795
7783953,7,358,0.0192
7931331,113,252,0.3096
6277566,0,365,0.0000
9570618,362,3,0.9918
3609536,0,365,0.0000
9470342,0,365,0.0000
2672058,3,362,0.0082
14572086,349,16,0.9562
13451383,17,348,0.0466
14773223,62,303,0.1699
9078482,0,365,0.0000
4032126,217,148,0.5945
8704828,6,359,0.0164
14303761,365,0,1.0000
4964365,253,112,0.6932
13681910,0,365,0.0000
10208321,0,365,0.0000
12026868,0,365,0.0000
11043756,365,0,1.0000
7462268,290,75,0.7945
7602994,0,365,0.0000
6373729,0,365,0.0000
8921130,4,361,0.0110
10436811,0,365,0.0000
14026059,31,334,0.0849
14503389,312,53,0.8548
14610297,168,197,0.4603
4332035,124,241,0.3397
9807292,140,225,0.3836
7789055,333,32,0.9123
14902894,352,13,0.9644
14866400,279,86,0.7644
14584547,364,1,0.9973
14400847,49,316,0.1342
14510982,180,185,0.4932
14848154,360,5,0.9863
14774426,344,21,0.9425
14487346,341,24,0.9342
14550228,90,275,0.2466
14566657,329,36,0.9014
14773792,359,6,0.9836
14874204,360,5,0.9863
14533848,5,360,0.0137
13015653,226,139,0.6192
14849141,361,4,0.9890
14604429,272,93,0.7452
14592644,137,228,0.3753
12915510,365,0,1.0000
14887382,364,1,0.9973
14823430,345,20,0.9452
14881840,364,1,0.9973
11452297,63,302,0.1726
14576706,358,7,0.9808
14335003,0,365,0.0000
14871445,357,8,0.9781
14472678,0,365,0.0000
14574800,360,5,0.9863
14426586,364,1,0.9973
3131519,38,327,0.1041
14592547,0,365,0.0000
14744740,86,279,0.2356
14504583,170,195,0.4658
14743129,363,2,0.9945
5280827,356,9,0.9753
14689681,110,255,0.3014
13750763,9,356,0.0247
14536322,315,50,0.8630
14852179,23,342,0.0630
8373729,356,9,0.9753
14844274,364,1,0.9973
14585486,40,325,0.1096
14603878,253,112,0.6932
14504422,165,200,0.4521
